Verbindung,from,to,connection,weight,source,Created by
,Michaela Schneider,Ulrich Vosgerau,Gasthof Adlon Correctiv,2,https://correctiv.org/aktuelles/neue-rechte/2024/01/10/geheimplan-remigration-vertreibung-afd-rechtsextreme-november-treffen/,Jens Kronkorken
,Simone Braun,Ulrich Vosgerau,Gasthof Adlon Correctiv,2,https://correctiv.org/aktuelles/neue-rechte/2024/01/10/geheimplan-remigration-vertreibung-afd-rechtsextreme-november-treffen/,Jens Kronkorken
,Simone Braun,Michaela Schneider,Gasthof Adlon Correctiv,2,https://correctiv.org/aktuelles/neue-rechte/2024/01/10/geheimplan-remigration-vertreibung-afd-rechtsextreme-november-treffen/,Jens Kronkorken
,Mathilda Huss,Ulrich Vosgerau,Gasthof Adlon Correctiv,2,https://correctiv.org/aktuelles/neue-rechte/2024/01/10/geheimplan-remigration-vertreibung-afd-rechtsextreme-november-treffen/,Jens Kronkorken
,Mathilda Huss,Michaela Schneider,Gasthof Adlon Correctiv,2,https://correctiv.org/aktuelles/neue-rechte/2024/01/10/geheimplan-remigration-vertreibung-afd-rechtsextreme-november-treffen/,Jens Kronkorken
,Mathilda Huss,Simone Baum,Gasthof Adlon Correctiv,2,https://correctiv.org/aktuelles/neue-rechte/2024/01/10/geheimplan-remigration-vertreibung-afd-rechtsextreme-november-treffen/,Jens Kronkorken
,Wilhelm Wilderink,Ulrich Vosgerau,Gasthof Adlon Correctiv,2,https://correctiv.org/aktuelles/neue-rechte/2024/01/10/geheimplan-remigration-vertreibung-afd-rechtsextreme-november-treffen/,Jens Kronkorken
,Wilhelm Wilderink,Michaela Schneider,Gasthof Adlon Correctiv,2,https://correctiv.org/aktuelles/neue-rechte/2024/01/10/geheimplan-remigration-vertreibung-afd-rechtsextreme-november-treffen/,Jens Kronkorken
,Wilhelm Wilderink,Simone Baum,Gasthof Adlon Correctiv,2,https://correctiv.org/aktuelles/neue-rechte/2024/01/10/geheimplan-remigration-vertreibung-afd-rechtsextreme-november-treffen/,Jens Kronkorken
,Mario Müller,Ulrich Vosgerau,Gasthof Adlon Correctiv,2,https://correctiv.org/aktuelles/neue-rechte/2024/01/10/geheimplan-remigration-vertreibung-afd-rechtsextreme-november-treffen/,Jens Kronkorken
,Mario Müller,Michaela Schneider,Gasthof Adlon Correctiv,2,https://correctiv.org/aktuelles/neue-rechte/2024/01/10/geheimplan-remigration-vertreibung-afd-rechtsextreme-november-treffen/,Jens Kronkorken
,Mario Müller,Simone Baum,Gasthof Adlon Correctiv,2,https://correctiv.org/aktuelles/neue-rechte/2024/01/10/geheimplan-remigration-vertreibung-afd-rechtsextreme-november-treffen/,Jens Kronkorken
,Mario Müller,Mathilda Huss,Gasthof Adlon Correctiv,2,https://correctiv.org/aktuelles/neue-rechte/2024/01/10/geheimplan-remigration-vertreibung-afd-rechtsextreme-november-treffen/,Jens Kronkorken
,Mario Müller,Wilhelm Wilderink,Gasthof Adlon Correctiv,2,https://correctiv.org/aktuelles/neue-rechte/2024/01/10/geheimplan-remigration-vertreibung-afd-rechtsextreme-november-treffen/,Jens Kronkorken
,Martin Sellner,Ulrich Vosgerau,Gasthof Adlon Correctiv,2,https://correctiv.org/aktuelles/neue-rechte/2024/01/10/geheimplan-remigration-vertreibung-afd-rechtsextreme-november-treffen/,Jens Kronkorken
,Martin Sellner,Michaela Schneider,Gasthof Adlon Correctiv,2,https://correctiv.org/aktuelles/neue-rechte/2024/01/10/geheimplan-remigration-vertreibung-afd-rechtsextreme-november-treffen/,Jens Kronkorken
,Martin Sellner,Mathilda Huss,"Gasthof Adlon Correctiv, Sommerfest auf der Terrasse",2,https://correctiv.org/aktuelles/neue-rechte/2024/01/10/geheimplan-remigration-vertreibung-afd-rechtsextreme-november-treffen/,Jens Kronkorken
,Martin Sellner,Wilhelm Wilderink,Gasthof Adlon Correctiv,2,https://correctiv.org/aktuelles/neue-rechte/2024/01/10/geheimplan-remigration-vertreibung-afd-rechtsextreme-november-treffen/,Jens Kronkorken
,Martin Sellner,Mario Müller,Gasthof Adlon Correctiv,2,https://correctiv.org/aktuelles/neue-rechte/2024/01/10/geheimplan-remigration-vertreibung-afd-rechtsextreme-november-treffen/,Jens Kronkorken
,Astrid Mörig,Ulrich Vosgerau,Gasthof Adlon Correctiv,2,https://correctiv.org/aktuelles/neue-rechte/2024/01/10/geheimplan-remigration-vertreibung-afd-rechtsextreme-november-treffen/,Jens Kronkorken
,Astrid Mörig,Michaela Schneider,Gasthof Adlon Correctiv,2,https://correctiv.org/aktuelles/neue-rechte/2024/01/10/geheimplan-remigration-vertreibung-afd-rechtsextreme-november-treffen/,Jens Kronkorken
,Astrid Mörig,Simone Baum,Gasthof Adlon Correctiv,2,https://correctiv.org/aktuelles/neue-rechte/2024/01/10/geheimplan-remigration-vertreibung-afd-rechtsextreme-november-treffen/,Jens Kronkorken
,Astrid Mörig,Mathilda Huss,Gasthof Adlon Correctiv,2,https://correctiv.org/aktuelles/neue-rechte/2024/01/10/geheimplan-remigration-vertreibung-afd-rechtsextreme-november-treffen/,Jens Kronkorken
,Astrid Mörig,Wilhelm Wilderink,Gasthof Adlon Correctiv,2,https://correctiv.org/aktuelles/neue-rechte/2024/01/10/geheimplan-remigration-vertreibung-afd-rechtsextreme-november-treffen/,Jens Kronkorken
,Astrid Mörig,Mario Müller,Gasthof Adlon Correctiv,2,https://correctiv.org/aktuelles/neue-rechte/2024/01/10/geheimplan-remigration-vertreibung-afd-rechtsextreme-november-treffen/,Jens Kronkorken
,Astrid Mörig,Martin Sellner,Gasthof Adlon Correctiv,2,https://correctiv.org/aktuelles/neue-rechte/2024/01/10/geheimplan-remigration-vertreibung-afd-rechtsextreme-november-treffen/,Jens Kronkorken
,Arne Friedrich Mörig,Ulrich Vosgerau,Gasthof Adlon Correctiv,2,https://correctiv.org/aktuelles/neue-rechte/2024/01/10/geheimplan-remigration-vertreibung-afd-rechtsextreme-november-treffen/,Jens Kronkorken
,Arne Friedrich Mörig,Michaela Schneider,Gasthof Adlon Correctiv,2,https://correctiv.org/aktuelles/neue-rechte/2024/01/10/geheimplan-remigration-vertreibung-afd-rechtsextreme-november-treffen/,Jens Kronkorken
,Arne Friedrich Mörig,Simone Baum,Gasthof Adlon Correctiv,2,https://correctiv.org/aktuelles/neue-rechte/2024/01/10/geheimplan-remigration-vertreibung-afd-rechtsextreme-november-treffen/,Jens Kronkorken
,Arne Friedrich Mörig,Mathilda Huss,Gasthof Adlon Correctiv,2,https://correctiv.org/aktuelles/neue-rechte/2024/01/10/geheimplan-remigration-vertreibung-afd-rechtsextreme-november-treffen/,Jens Kronkorken
,Arne Friedrich Mörig,Wilhelm Wilderink,Gasthof Adlon Correctiv,2,https://correctiv.org/aktuelles/neue-rechte/2024/01/10/geheimplan-remigration-vertreibung-afd-rechtsextreme-november-treffen/,Jens Kronkorken
,Arne Friedrich Mörig,Mario Müller,Gasthof Adlon Correctiv,2,https://correctiv.org/aktuelles/neue-rechte/2024/01/10/geheimplan-remigration-vertreibung-afd-rechtsextreme-november-treffen/,Jens Kronkorken
,Arne Friedrich Mörig,Martin Sellner,Gasthof Adlon Correctiv,2,https://correctiv.org/aktuelles/neue-rechte/2024/01/10/geheimplan-remigration-vertreibung-afd-rechtsextreme-november-treffen/,Jens Kronkorken
,Gernot Mörig,Ulrich Vosgerau,Gasthof Adlon Correctiv,2,https://correctiv.org/aktuelles/neue-rechte/2024/01/10/geheimplan-remigration-vertreibung-afd-rechtsextreme-november-treffen/,Jens Kronkorken
,Gernot Mörig,Michaela Schneider,Gasthof Adlon Correctiv,2,https://correctiv.org/aktuelles/neue-rechte/2024/01/10/geheimplan-remigration-vertreibung-afd-rechtsextreme-november-treffen/,Jens Kronkorken
,Gernot Mörig,Simone Baum,Gasthof Adlon Correctiv,2,https://correctiv.org/aktuelles/neue-rechte/2024/01/10/geheimplan-remigration-vertreibung-afd-rechtsextreme-november-treffen/,Jens Kronkorken
,Gernot Mörig,Mathilda Huss,Gasthof Adlon Correctiv,2,https://correctiv.org/aktuelles/neue-rechte/2024/01/10/geheimplan-remigration-vertreibung-afd-rechtsextreme-november-treffen/,Jens Kronkorken
,Gernot Mörig,Wilhelm Wilderink,Gasthof Adlon Correctiv,2,https://correctiv.org/aktuelles/neue-rechte/2024/01/10/geheimplan-remigration-vertreibung-afd-rechtsextreme-november-treffen/,Jens Kronkorken
,Gernot Mörig,Mario Müller,Gasthof Adlon Correctiv,2,https://correctiv.org/aktuelles/neue-rechte/2024/01/10/geheimplan-remigration-vertreibung-afd-rechtsextreme-november-treffen/,Jens Kronkorken
,Gernot Mörig,Martin Sellner,Gasthof Adlon Correctiv,2,https://correctiv.org/aktuelles/neue-rechte/2024/01/10/geheimplan-remigration-vertreibung-afd-rechtsextreme-november-treffen/,Jens Kronkorken
,Tim Krause,Ulrich Vosgerau,Gasthof Adlon Correctiv,2,https://correctiv.org/aktuelles/neue-rechte/2024/01/10/geheimplan-remigration-vertreibung-afd-rechtsextreme-november-treffen/,Jens Kronkorken
,Tim Krause,Michaela Schneider,Gasthof Adlon Correctiv,2,https://correctiv.org/aktuelles/neue-rechte/2024/01/10/geheimplan-remigration-vertreibung-afd-rechtsextreme-november-treffen/,Jens Kronkorken
,Tim Krause,Simone Baum,Gasthof Adlon Correctiv,2,https://correctiv.org/aktuelles/neue-rechte/2024/01/10/geheimplan-remigration-vertreibung-afd-rechtsextreme-november-treffen/,Jens Kronkorken
,Tim Krause,Mathilda Huss,Gasthof Adlon Correctiv,2,https://correctiv.org/aktuelles/neue-rechte/2024/01/10/geheimplan-remigration-vertreibung-afd-rechtsextreme-november-treffen/,Jens Kronkorken
,Tim Krause,Wilhelm Wilderink,Gasthof Adlon Correctiv,2,https://correctiv.org/aktuelles/neue-rechte/2024/01/10/geheimplan-remigration-vertreibung-afd-rechtsextreme-november-treffen/,Jens Kronkorken
,Tim Krause,Mario Müller,Gasthof Adlon Correctiv,2,https://correctiv.org/aktuelles/neue-rechte/2024/01/10/geheimplan-remigration-vertreibung-afd-rechtsextreme-november-treffen/,Jens Kronkorken
,Tim Krause,Martin Sellner,Gasthof Adlon Correctiv,2,https://correctiv.org/aktuelles/neue-rechte/2024/01/10/geheimplan-remigration-vertreibung-afd-rechtsextreme-november-treffen/,Jens Kronkorken
,Tim Krause,Astrid Mörig,Gasthof Adlon Correctiv,2,https://correctiv.org/aktuelles/neue-rechte/2024/01/10/geheimplan-remigration-vertreibung-afd-rechtsextreme-november-treffen/,Jens Kronkorken
,Tim Krause,Arne Friedrich Mörig,Gasthof Adlon Correctiv,2,https://correctiv.org/aktuelles/neue-rechte/2024/01/10/geheimplan-remigration-vertreibung-afd-rechtsextreme-november-treffen/,Jens Kronkorken
,Tim Krause,Gernot Mörig,Gasthof Adlon Correctiv,2,https://correctiv.org/aktuelles/neue-rechte/2024/01/10/geheimplan-remigration-vertreibung-afd-rechtsextreme-november-treffen/,Jens Kronkorken
,Ulrich Siegmund,Ulrich Vosgerau,Gasthof Adlon Correctiv,2,https://correctiv.org/aktuelles/neue-rechte/2024/01/10/geheimplan-remigration-vertreibung-afd-rechtsextreme-november-treffen/,Jens Kronkorken
,Ulrich Siegmund,Michaela Schneider,Gasthof Adlon Correctiv,2,https://correctiv.org/aktuelles/neue-rechte/2024/01/10/geheimplan-remigration-vertreibung-afd-rechtsextreme-november-treffen/,Jens Kronkorken
,Ulrich Siegmund,Simone Baum,Gasthof Adlon Correctiv,2,https://correctiv.org/aktuelles/neue-rechte/2024/01/10/geheimplan-remigration-vertreibung-afd-rechtsextreme-november-treffen/,Jens Kronkorken
,Ulrich Siegmund,Mathilda Huss,Gasthof Adlon Correctiv,2,https://correctiv.org/aktuelles/neue-rechte/2024/01/10/geheimplan-remigration-vertreibung-afd-rechtsextreme-november-treffen/,Jens Kronkorken
,Ulrich Siegmund,Wilhelm Wilderink,Gasthof Adlon Correctiv,2,https://correctiv.org/aktuelles/neue-rechte/2024/01/10/geheimplan-remigration-vertreibung-afd-rechtsextreme-november-treffen/,Jens Kronkorken
,Ulrich Siegmund,Mario Müller,Gasthof Adlon Correctiv,2,https://correctiv.org/aktuelles/neue-rechte/2024/01/10/geheimplan-remigration-vertreibung-afd-rechtsextreme-november-treffen/,Jens Kronkorken
,Gerrit Huy,Wilhelm Wilderink,Gasthof Adlon Correctiv,2,https://correctiv.org/aktuelles/neue-rechte/2024/01/10/geheimplan-remigration-vertreibung-afd-rechtsextreme-november-treffen/,Jens Kronkorken
,Gerrit Huy,Mario Müller,Gasthof Adlon Correctiv,2,https://correctiv.org/aktuelles/neue-rechte/2024/01/10/geheimplan-remigration-vertreibung-afd-rechtsextreme-november-treffen/,Jens Kronkorken
,Gerrit Huy,Martin Sellner,Gasthof Adlon Correctiv,2,https://correctiv.org/aktuelles/neue-rechte/2024/01/10/geheimplan-remigration-vertreibung-afd-rechtsextreme-november-treffen/,Jens Kronkorken
,Ulrich Siegmund,Martin Sellner,Gasthof Adlon Correctiv,2,https://correctiv.org/aktuelles/neue-rechte/2024/01/10/geheimplan-remigration-vertreibung-afd-rechtsextreme-november-treffen/,Jens Kronkorken
,Ulrich Siegmund,Astrid Mörig,Gasthof Adlon Correctiv,2,https://correctiv.org/aktuelles/neue-rechte/2024/01/10/geheimplan-remigration-vertreibung-afd-rechtsextreme-november-treffen/,Jens Kronkorken
,Ulrich Siegmund,Arne Friedrich Mörig,Gasthof Adlon Correctiv,2,https://correctiv.org/aktuelles/neue-rechte/2024/01/10/geheimplan-remigration-vertreibung-afd-rechtsextreme-november-treffen/,Jens Kronkorken
,Ulrich Siegmund,Gernot Mörig,Gasthof Adlon Correctiv,2,https://correctiv.org/aktuelles/neue-rechte/2024/01/10/geheimplan-remigration-vertreibung-afd-rechtsextreme-november-treffen/,Jens Kronkorken
,Gerrit Huy,Mathilda Huss,Gasthof Adlon Correctiv,2,https://correctiv.org/aktuelles/neue-rechte/2024/01/10/geheimplan-remigration-vertreibung-afd-rechtsextreme-november-treffen/,Jens Kronkorken
,Ulrich Siegmund,Tim Krause,Gasthof Adlon Correctiv,2,https://correctiv.org/aktuelles/neue-rechte/2024/01/10/geheimplan-remigration-vertreibung-afd-rechtsextreme-november-treffen/,Jens Kronkorken
,Gerrit Huy,Ulrich Vosgerau,Gasthof Adlon Correctiv,2,https://correctiv.org/aktuelles/neue-rechte/2024/01/10/geheimplan-remigration-vertreibung-afd-rechtsextreme-november-treffen/,Jens Kronkorken
,Gerrit Huy,Michaela Schneider,Gasthof Adlon Correctiv,2,https://correctiv.org/aktuelles/neue-rechte/2024/01/10/geheimplan-remigration-vertreibung-afd-rechtsextreme-november-treffen/,Jens Kronkorken
,Gerrit Huy,Simone Baum,Gasthof Adlon Correctiv,2,https://correctiv.org/aktuelles/neue-rechte/2024/01/10/geheimplan-remigration-vertreibung-afd-rechtsextreme-november-treffen/,Jens Kronkorken
,Gerrit Huy,Arne Friedrich Mörig,Gasthof Adlon Correctiv,2,https://correctiv.org/aktuelles/neue-rechte/2024/01/10/geheimplan-remigration-vertreibung-afd-rechtsextreme-november-treffen/,Jens Kronkorken
,Gerrit Huy,Gernot Mörig,Gasthof Adlon Correctiv,2,https://correctiv.org/aktuelles/neue-rechte/2024/01/10/geheimplan-remigration-vertreibung-afd-rechtsextreme-november-treffen/,Jens Kronkorken
,Gerrit Huy,Tim Krause,Gasthof Adlon Correctiv,2,https://correctiv.org/aktuelles/neue-rechte/2024/01/10/geheimplan-remigration-vertreibung-afd-rechtsextreme-november-treffen/,Jens Kronkorken
,Gerrit Huy,Astrid Mörig,Gasthof Adlon Correctiv,2,https://correctiv.org/aktuelles/neue-rechte/2024/01/10/geheimplan-remigration-vertreibung-afd-rechtsextreme-november-treffen/,Jens Kronkorken
,Gerrit Huy,Ulrich Siegmund,Gasthof Adlon Correctiv,2,https://correctiv.org/aktuelles/neue-rechte/2024/01/10/geheimplan-remigration-vertreibung-afd-rechtsextreme-november-treffen/,Jens Kronkorken
,Roland Hartwig,Ulrich Vosgerau,Gasthof Adlon Correctiv,2,https://correctiv.org/aktuelles/neue-rechte/2024/01/10/geheimplan-remigration-vertreibung-afd-rechtsextreme-november-treffen/,Jens Kronkorken
,Roland Hartwig,Michaela Schneider,Gasthof Adlon Correctiv,2,https://correctiv.org/aktuelles/neue-rechte/2024/01/10/geheimplan-remigration-vertreibung-afd-rechtsextreme-november-treffen/,Jens Kronkorken
,Roland Hartwig,Mathilda Huss,Gasthof Adlon Correctiv,2,https://correctiv.org/aktuelles/neue-rechte/2024/01/10/geheimplan-remigration-vertreibung-afd-rechtsextreme-november-treffen/,Jens Kronkorken
,Roland Hartwig,Wilhelm Wilderink,Gasthof Adlon Correctiv,2,https://correctiv.org/aktuelles/neue-rechte/2024/01/10/geheimplan-remigration-vertreibung-afd-rechtsextreme-november-treffen/,Jens Kronkorken
,Roland Hartwig,Mario Müller,Gasthof Adlon Correctiv,2,https://correctiv.org/aktuelles/neue-rechte/2024/01/10/geheimplan-remigration-vertreibung-afd-rechtsextreme-november-treffen/,Jens Kronkorken
,Roland Hartwig,Astrid Mörig,Gasthof Adlon Correctiv,2,https://correctiv.org/aktuelles/neue-rechte/2024/01/10/geheimplan-remigration-vertreibung-afd-rechtsextreme-november-treffen/,Jens Kronkorken
,Roland Hartwig,Arne Friedrich Mörig,Gasthof Adlon Correctiv,2,https://correctiv.org/aktuelles/neue-rechte/2024/01/10/geheimplan-remigration-vertreibung-afd-rechtsextreme-november-treffen/,Jens Kronkorken
,Roland Hartwig,Ulrich Siegmund,Gasthof Adlon Correctiv,2,https://correctiv.org/aktuelles/neue-rechte/2024/01/10/geheimplan-remigration-vertreibung-afd-rechtsextreme-november-treffen/,Jens Kronkorken
,Roland Hartwig,Gerrit Huy,Gasthof Adlon Correctiv,2,https://correctiv.org/aktuelles/neue-rechte/2024/01/10/geheimplan-remigration-vertreibung-afd-rechtsextreme-november-treffen/,Jens Kronkorken
,Roland Hartwig,Gernot Mörig,Gasthof Adlon Correctiv,2,https://correctiv.org/aktuelles/neue-rechte/2024/01/10/geheimplan-remigration-vertreibung-afd-rechtsextreme-november-treffen/,Jens Kronkorken
,Roland Hartwig,Tim Krause,Gasthof Adlon Correctiv,2,https://correctiv.org/aktuelles/neue-rechte/2024/01/10/geheimplan-remigration-vertreibung-afd-rechtsextreme-november-treffen/,Jens Kronkorken
,Henning Pless,Ulrich Vosgerau,Gasthof Adlon Correctiv,2,https://correctiv.org/aktuelles/neue-rechte/2024/01/10/geheimplan-remigration-vertreibung-afd-rechtsextreme-november-treffen/,Jens Kronkorken
,Henning Pless,Michaela Schneider,Gasthof Adlon Correctiv,2,https://correctiv.org/aktuelles/neue-rechte/2024/01/10/geheimplan-remigration-vertreibung-afd-rechtsextreme-november-treffen/,Jens Kronkorken
,Henning Pless,Simone Baum,Gasthof Adlon Correctiv,2,https://correctiv.org/aktuelles/neue-rechte/2024/01/10/geheimplan-remigration-vertreibung-afd-rechtsextreme-november-treffen/,Jens Kronkorken
,Henning Pless,Mathilda Huss,Gasthof Adlon Correctiv,2,https://correctiv.org/aktuelles/neue-rechte/2024/01/10/geheimplan-remigration-vertreibung-afd-rechtsextreme-november-treffen/,Jens Kronkorken
,Henning Pless,Wilhelm Wilderink,Gasthof Adlon Correctiv,2,https://correctiv.org/aktuelles/neue-rechte/2024/01/10/geheimplan-remigration-vertreibung-afd-rechtsextreme-november-treffen/,Jens Kronkorken
,Henning Pless,Mario Müller,Gasthof Adlon Correctiv,2,https://correctiv.org/aktuelles/neue-rechte/2024/01/10/geheimplan-remigration-vertreibung-afd-rechtsextreme-november-treffen/,Jens Kronkorken
,Henning Pless,Martin Sellner,Gasthof Adlon Correctiv,2,https://correctiv.org/aktuelles/neue-rechte/2024/01/10/geheimplan-remigration-vertreibung-afd-rechtsextreme-november-treffen/,Jens Kronkorken
,Henning Pless,Astrid Mörig,Gasthof Adlon Correctiv,2,https://correctiv.org/aktuelles/neue-rechte/2024/01/10/geheimplan-remigration-vertreibung-afd-rechtsextreme-november-treffen/,Jens Kronkorken
,Henning Pless,Arne Friedrich Mörig,Gasthof Adlon Correctiv,2,https://correctiv.org/aktuelles/neue-rechte/2024/01/10/geheimplan-remigration-vertreibung-afd-rechtsextreme-november-treffen/,Jens Kronkorken
,Henning Pless,Gernot Mörig,Gasthof Adlon Correctiv,2,https://correctiv.org/aktuelles/neue-rechte/2024/01/10/geheimplan-remigration-vertreibung-afd-rechtsextreme-november-treffen/,Jens Kronkorken
,Henning Pless,Tim Krause,Gasthof Adlon Correctiv,2,https://correctiv.org/aktuelles/neue-rechte/2024/01/10/geheimplan-remigration-vertreibung-afd-rechtsextreme-november-treffen/,Jens Kronkorken
,Henning Pless,Ulrich Siegmund,Gasthof Adlon Correctiv,2,https://correctiv.org/aktuelles/neue-rechte/2024/01/10/geheimplan-remigration-vertreibung-afd-rechtsextreme-november-treffen/,Jens Kronkorken
,Henning Pless,Gerrit Huy,Gasthof Adlon Correctiv,2,https://correctiv.org/aktuelles/neue-rechte/2024/01/10/geheimplan-remigration-vertreibung-afd-rechtsextreme-november-treffen/,Jens Kronkorken
,Henning Pless,Roland Hartwig,Gasthof Adlon Correctiv,2,https://correctiv.org/aktuelles/neue-rechte/2024/01/10/geheimplan-remigration-vertreibung-afd-rechtsextreme-november-treffen/,Jens Kronkorken
,Silke Schröder,Henning Pless,Gasthof Adlon Correctiv,2,https://correctiv.org/aktuelles/neue-rechte/2024/01/10/geheimplan-remigration-vertreibung-afd-rechtsextreme-november-treffen/,Jens Kronkorken
,Silke Schröder,Ulrich Vosgerau,Gasthof Adlon Correctiv,2,https://correctiv.org/aktuelles/neue-rechte/2024/01/10/geheimplan-remigration-vertreibung-afd-rechtsextreme-november-treffen/,Jens Kronkorken
,Silke Schröder,Michaela Schneider,Gasthof Adlon Correctiv,2,https://correctiv.org/aktuelles/neue-rechte/2024/01/10/geheimplan-remigration-vertreibung-afd-rechtsextreme-november-treffen/,Jens Kronkorken
,Silke Schröder,Simone Baum,Gasthof Adlon Correctiv,2,https://correctiv.org/aktuelles/neue-rechte/2024/01/10/geheimplan-remigration-vertreibung-afd-rechtsextreme-november-treffen/,Jens Kronkorken
,Silke Schröder,Mathilda Huss,Gasthof Adlon Correctiv,2,https://correctiv.org/aktuelles/neue-rechte/2024/01/10/geheimplan-remigration-vertreibung-afd-rechtsextreme-november-treffen/,Jens Kronkorken
,Silke Schröder,Wilhelm Wilderink,Gasthof Adlon Correctiv,2,https://correctiv.org/aktuelles/neue-rechte/2024/01/10/geheimplan-remigration-vertreibung-afd-rechtsextreme-november-treffen/,Jens Kronkorken
,Silke Schröder,Mario Müller,Gasthof Adlon Correctiv,2,https://correctiv.org/aktuelles/neue-rechte/2024/01/10/geheimplan-remigration-vertreibung-afd-rechtsextreme-november-treffen/,Jens Kronkorken
,Silke Schröder,Martin Sellner,Gasthof Adlon Correctiv,2,https://correctiv.org/aktuelles/neue-rechte/2024/01/10/geheimplan-remigration-vertreibung-afd-rechtsextreme-november-treffen/,Jens Kronkorken
,Silke Schröder,Astrid Mörig,Gasthof Adlon Correctiv,2,https://correctiv.org/aktuelles/neue-rechte/2024/01/10/geheimplan-remigration-vertreibung-afd-rechtsextreme-november-treffen/,Jens Kronkorken
,Silke Schröder,Arne Friedrich Mörig,Gasthof Adlon Correctiv,2,https://correctiv.org/aktuelles/neue-rechte/2024/01/10/geheimplan-remigration-vertreibung-afd-rechtsextreme-november-treffen/,Jens Kronkorken
,Silke Schröder,Gernot Mörig,Gasthof Adlon Correctiv,2,https://correctiv.org/aktuelles/neue-rechte/2024/01/10/geheimplan-remigration-vertreibung-afd-rechtsextreme-november-treffen/,Jens Kronkorken
,Silke Schröder,Tim Krause,Gasthof Adlon Correctiv,2,https://correctiv.org/aktuelles/neue-rechte/2024/01/10/geheimplan-remigration-vertreibung-afd-rechtsextreme-november-treffen/,Jens Kronkorken
,Silke Schröder,Ulrich Siegmund,Gasthof Adlon Correctiv,2,https://correctiv.org/aktuelles/neue-rechte/2024/01/10/geheimplan-remigration-vertreibung-afd-rechtsextreme-november-treffen/,Jens Kronkorken
,Silke Schröder,Gerrit Huy,Gasthof Adlon Correctiv,2,https://correctiv.org/aktuelles/neue-rechte/2024/01/10/geheimplan-remigration-vertreibung-afd-rechtsextreme-november-treffen/,Jens Kronkorken
,Silke Schröder,Roland Hartwig,Gasthof Adlon Correctiv,2,https://correctiv.org/aktuelles/neue-rechte/2024/01/10/geheimplan-remigration-vertreibung-afd-rechtsextreme-november-treffen/,Jens Kronkorken
,Mathilda Huss,Wilhelm Wilderink,Gasthof Adlon Correctiv,4,https://correctiv.org/aktuelles/neue-rechte/2024/01/10/geheimplan-remigration-vertreibung-afd-rechtsextreme-november-treffen/,Jens Kronkorken
,Martin Sellner,Simone Baum,Gasthof Adlon Correctiv,2,https://correctiv.org/aktuelles/neue-rechte/2024/01/10/geheimplan-remigration-vertreibung-afd-rechtsextreme-november-treffen/,Simon Exner
,Roland Hartwig,Martin Sellner,Gasthof Adlon Correctiv,2,https://correctiv.org/aktuelles/neue-rechte/2024/01/10/geheimplan-remigration-vertreibung-afd-rechtsextreme-november-treffen/,Simon Exner
,Roland Hartwig,Simone Baum,Gasthof Adlon Correctiv,2,https://correctiv.org/aktuelles/neue-rechte/2024/01/10/geheimplan-remigration-vertreibung-afd-rechtsextreme-november-treffen/,Simon Exner
,Marvin T. Neumann,Hannes Gnauck,AfD Bundestag,3,,Jens Kronkorken
,Benedikt Kaiser,Jürgen Pohl,AfD Bundestag,3,https://archive.is/20240125130452/https://www.spiegel.de/politik/deutschland/peter-kurth-geheimes-vernetzungstreffen-diese-rechtsextremen-waren-auf-der-party-des-ex-cdu-senators-a-392e71d3-fd60-42d6-9d62-a8a923dfae5c#selection-4710.0-4717.0,Jens Kronkorken
,Alice Weidel,Gerrit Huy,AfD Bundestag,3,,Jens Kronkorken
,Petr Bystrom,Stefan Keuter,AfD Bundestag,2,https://archive.is/20240219002848/https://www.zeit.de/politik/deutschland/2024-01/hans-georg-maassen-afd-treffen-werteunion-maximilian-krah/seite-2#selection-1997.324-1997.341,Jens Kronkorken
,Petr Bystrom,Martin Reichardt,AfD Bundestag,2,https://archive.is/20240219002848/https://www.zeit.de/politik/deutschland/2024-01/hans-georg-maassen-afd-treffen-werteunion-maximilian-krah/seite-2#selection-1997.324-1997.341,Jens Kronkorken
,Petr Bystrom,Karsten Hilse,AfD Bundestag,2,https://archive.is/20240219002848/https://www.zeit.de/politik/deutschland/2024-01/hans-georg-maassen-afd-treffen-werteunion-maximilian-krah/seite-2#selection-1997.324-1997.341,Jens Kronkorken
,Alice Weidel,Roland Hartwig,AfD Bundestag,3,https://www.volksverpetzer.de/analyse/chronologie-afd-und-identitaeren/,Simon Exner
,Hans-Georg Maaßen,Klaus Pede,Werteunion,3,https://archive.is/20240219002848/https://www.zeit.de/politik/deutschland/2024-01/hans-georg-maassen-afd-treffen-werteunion-maximilian-krah/seite-2#selection-2001.77-2001.145,Jens Kronkorken
,Hans-Georg Maaßen,Simone Baum,Werteunion,3,https://www.fr.de/politik/werteunion-attackiert-medien-afd-geheimplaene-hans-georg-maassen-92781254.html,Simon Exner
,Jeremy Fragrance,David Bendels,Annual Gala des New York Young Republican Club,1,https://assets.steadyhq.com/production/post/9bb42fbc-54e0-496f-afd3-b30a5b83f719/uploads/images/fsmndg57jf/fragrance.jpg?auto=compress&w=800&fit=max&dpr=2&fm=webp,Jens Kronkorken
,Jeremy Fragrance,Mathilda Huss,Annual Gala des New York Young Republican Club,1,https://archive.is/20240205191537/https://www.tagesspiegel.de/potsdam/landeshauptstadt/rechts-ist-geil-trifft-rassenkunde-nahe-zwischen-potsdamer-adlon-chefin-und-afd-spitzenpolitiker-krah-11156662.html#selection-2337.35-2337.82,Jens Kronkorken
,Jeremy Fragrance,Maximilian Krah,Annual Gala des New York Young Republican Club,1,https://archive.is/20240205191537/https://www.tagesspiegel.de/potsdam/landeshauptstadt/rechts-ist-geil-trifft-rassenkunde-nahe-zwischen-potsdamer-adlon-chefin-und-afd-spitzenpolitiker-krah-11156662.html#selection-2337.35-2337.82,Jens Kronkorken
,Klaus Pede,Mathilda Huss,Deutschland Kurier Frühlingsfest Gasthof Adlon,1,https://archive.is/20240219002848/https://www.zeit.de/politik/deutschland/2024-01/hans-georg-maassen-afd-treffen-werteunion-maximilian-krah/seite-2,Jens Kronkorken
,Klaus Pede,Maximilian Krah,Deutschland Kurier Frühlingsfest Gasthof Adlon,1,https://archive.is/20240219002848/https://www.zeit.de/politik/deutschland/2024-01/hans-georg-maassen-afd-treffen-werteunion-maximilian-krah/seite-2,Jens Kronkorken
,Klaus Pede,Petr Bystrom,Deutschland Kurier Frühlingsfest Gasthof Adlon,1,https://archive.is/20240219002848/https://www.zeit.de/politik/deutschland/2024-01/hans-georg-maassen-afd-treffen-werteunion-maximilian-krah/seite-2,Jens Kronkorken
,Klaus Pede,Tim Krause,Deutschland Kurier Frühlingsfest Gasthof Adlon,1,https://archive.is/20240219002848/https://www.zeit.de/politik/deutschland/2024-01/hans-georg-maassen-afd-treffen-werteunion-maximilian-krah/seite-2,Jens Kronkorken
,Klaus Pede,Karsten Hilse,Deutschland Kurier Frühlingsfest Gasthof Adlon,1,https://archive.is/20240219002848/https://www.zeit.de/politik/deutschland/2024-01/hans-georg-maassen-afd-treffen-werteunion-maximilian-krah/seite-2,Jens Kronkorken
,Klaus Pede,Martin Reichardt,Deutschland Kurier Frühlingsfest Gasthof Adlon,1,https://archive.is/20240219002848/https://www.zeit.de/politik/deutschland/2024-01/hans-georg-maassen-afd-treffen-werteunion-maximilian-krah/seite-2,Jens Kronkorken
,Klaus Pede,Stefan Keuter,Deutschland Kurier Frühlingsfest Gasthof Adlon,1,https://archive.is/20240219002848/https://www.zeit.de/politik/deutschland/2024-01/hans-georg-maassen-afd-treffen-werteunion-maximilian-krah/seite-2,Jens Kronkorken
,Klaus Pede,David Bendels,Deutschland Kurier Frühlingsfest Gasthof Adlon,1,https://archive.is/20240219002848/https://www.zeit.de/politik/deutschland/2024-01/hans-georg-maassen-afd-treffen-werteunion-maximilian-krah/seite-2,Jens Kronkorken
,Stefan Keuter,Maximilian Krah,Deutschland Kurier Frühlingsfest Gasthof Adlon,1,https://archive.is/20240219002848/https://www.zeit.de/politik/deutschland/2024-01/hans-georg-maassen-afd-treffen-werteunion-maximilian-krah/seite-2,Jens Kronkorken
,Martin Reichhardt,Maximilian Krah,Deutschland Kurier Frühlingsfest Gasthof Adlon,1,https://archive.is/20240219002848/https://www.zeit.de/politik/deutschland/2024-01/hans-georg-maassen-afd-treffen-werteunion-maximilian-krah/seite-2,Jens Kronkorken
,Karsten Hilse,Maximilian Krah,Deutschland Kurier Frühlingsfest Gasthof Adlon,1,https://archive.is/20240219002848/https://www.zeit.de/politik/deutschland/2024-01/hans-georg-maassen-afd-treffen-werteunion-maximilian-krah/seite-2,Jens Kronkorken
,Petr Bystrom,Maximilian Krah,Deutschland Kurier Frühlingsfest Gasthof Adlon,1,https://archive.is/20240219002848/https://www.zeit.de/politik/deutschland/2024-01/hans-georg-maassen-afd-treffen-werteunion-maximilian-krah/seite-2,Jens Kronkorken
,Oliver Flesch,Maximilian Krah,Deutschland Kurier Frühlingsfest Gasthof Adlon,1,https://archive.is/20240219002848/https://www.zeit.de/politik/deutschland/2024-01/hans-georg-maassen-afd-treffen-werteunion-maximilian-krah/seite-2,Jens Kronkorken
,David Bendels,Mathilda Huss,Deutschland Kurier Frühlingsfest Gasthof Adlon,1,https://archive.is/20240219002848/https://www.zeit.de/politik/deutschland/2024-01/hans-georg-maassen-afd-treffen-werteunion-maximilian-krah/seite-2,Jens Kronkorken
,David Bendels,Maximilian Krah,Deutschland Kurier Frühlingsfest Gasthof Adlon,1,https://archive.is/20240219002848/https://www.zeit.de/politik/deutschland/2024-01/hans-georg-maassen-afd-treffen-werteunion-maximilian-krah/seite-2,Jens Kronkorken
,David Bendels,Stefan Keuter,Deutschland Kurier Frühlingsfest Gasthof Adlon,1,https://archive.is/20240219002848/https://www.zeit.de/politik/deutschland/2024-01/hans-georg-maassen-afd-treffen-werteunion-maximilian-krah/seite-2,Jens Kronkorken
,David Bendels,Petr Bystrom,Deutschland Kurier Frühlingsfest Gasthof Adlon,1,https://archive.is/20240219002848/https://www.zeit.de/politik/deutschland/2024-01/hans-georg-maassen-afd-treffen-werteunion-maximilian-krah/seite-2,Jens Kronkorken
,David Bendels,Karsten Hilse,Deutschland Kurier Frühlingsfest Gasthof Adlon,1,https://archive.is/20240219002848/https://www.zeit.de/politik/deutschland/2024-01/hans-georg-maassen-afd-treffen-werteunion-maximilian-krah/seite-2,Jens Kronkorken
,David Bendels,Martin Reichardt,Deutschland Kurier Frühlingsfest Gasthof Adlon,1,https://archive.is/20240219002848/https://www.zeit.de/politik/deutschland/2024-01/hans-georg-maassen-afd-treffen-werteunion-maximilian-krah/seite-2,Jens Kronkorken
,David Bendels,Tim Krause,Deutschland Kurier Frühlingsfest Gasthof Adlon,1,https://archive.is/20240219002848/https://www.zeit.de/politik/deutschland/2024-01/hans-georg-maassen-afd-treffen-werteunion-maximilian-krah/seite-2,Jens Kronkorken
,Oliver Flesch,David Bendels,Deutschland Kurier Frühlingsfest Gasthof Adlon,1,https://archive.is/20240219002848/https://www.zeit.de/politik/deutschland/2024-01/hans-georg-maassen-afd-treffen-werteunion-maximilian-krah/seite-2#selection-1997.324-1997.341,Jens Kronkorken
,Oliver Flesch,Martin Reichardt,Deutschland Kurier Frühlingsfest Gasthof Adlon,1,https://archive.is/20240219002848/https://www.zeit.de/politik/deutschland/2024-01/hans-georg-maassen-afd-treffen-werteunion-maximilian-krah/seite-2#selection-1997.324-1997.341,Jens Kronkorken
,Oliver Flesch,Karsten Hilse,Deutschland Kurier Frühlingsfest Gasthof Adlon,1,https://archive.is/20240219002848/https://www.zeit.de/politik/deutschland/2024-01/hans-georg-maassen-afd-treffen-werteunion-maximilian-krah/seite-2#selection-1997.324-1997.341,Jens Kronkorken
,Oliver Flesch,Petr Bystrom,Deutschland Kurier Frühlingsfest Gasthof Adlon,1,https://archive.is/20240219002848/https://www.zeit.de/politik/deutschland/2024-01/hans-georg-maassen-afd-treffen-werteunion-maximilian-krah/seite-2#selection-1997.324-1997.341,Jens Kronkorken
,Oliver Flesch,Tim Krause,Deutschland Kurier Frühlingsfest Gasthof Adlon,1,https://archive.is/20240219002848/https://www.zeit.de/politik/deutschland/2024-01/hans-georg-maassen-afd-treffen-werteunion-maximilian-krah/seite-2#selection-1997.324-1997.341,Jens Kronkorken
,Petr Bystrom,Tim Krause,Deutschland Kurier Frühlingsfest Gasthof Adlon,2,https://archive.is/20240219002848/https://www.zeit.de/politik/deutschland/2024-01/hans-georg-maassen-afd-treffen-werteunion-maximilian-krah/seite-2#selection-1997.324-1997.341,Jens Kronkorken
,Hans-Georg Maaßen,David Bendels,Deutschland Kurier Frühlingsfest Gasthof Adlon,1,https://archive.is/20240219002848/https://www.zeit.de/politik/deutschland/2024-01/hans-georg-maassen-afd-treffen-werteunion-maximilian-krah/seite-2#selection-1997.324-1997.341,Simon Exner
,Hans-Georg Maaßen,Stefan Keuter,Deutschland Kurier Frühlingsfest Gasthof Adlon,1,https://archive.is/20240219002848/https://www.zeit.de/politik/deutschland/2024-01/hans-georg-maassen-afd-treffen-werteunion-maximilian-krah/seite-2#selection-1997.324-1997.341,Jens Kronkorken
,Hans-Georg Maaßen,Martin Reichardt,Deutschland Kurier Frühlingsfest Gasthof Adlon,1,https://archive.is/20240219002848/https://www.zeit.de/politik/deutschland/2024-01/hans-georg-maassen-afd-treffen-werteunion-maximilian-krah/seite-2#selection-1997.324-1997.341,Jens Kronkorken
,Hans-Georg Maaßen,Karsten Hilse,Deutschland Kurier Frühlingsfest Gasthof Adlon,1,https://archive.is/20240219002848/https://www.zeit.de/politik/deutschland/2024-01/hans-georg-maassen-afd-treffen-werteunion-maximilian-krah/seite-2#selection-1997.324-1997.341,Jens Kronkorken
,Hans-Georg Maaßen,Tim Krause,Deutschland Kurier Frühlingsfest Gasthof Adlon,1,https://archive.is/20240219002848/https://www.zeit.de/politik/deutschland/2024-01/hans-georg-maassen-afd-treffen-werteunion-maximilian-krah/seite-2#selection-1997.221-1997.231,Jens Kronkorken
,Hans-Georg Maaßen,Petr Bystrom,Deutschland Kurier Frühlingsfest Gasthof Adlon,1,https://archive.is/20240219002848/https://www.zeit.de/politik/deutschland/2024-01/hans-georg-maassen-afd-treffen-werteunion-maximilian-krah/seite-2#selection-1997.221-1997.231,Jens Kronkorken
,Oliver Flesch,Hans-Georg Maaßen,Deutschland Kurier Frühlingsfest Gasthof Adlon,1,https://archive.is/20240219002848/https://www.zeit.de/politik/deutschland/2024-01/hans-georg-maassen-afd-treffen-werteunion-maximilian-krah/seite-2,Jens Kronkorken
,Hans-Georg Maaßen,Maximilian Krah,Deutschland Kurier Frühlingsfest Gasthof Adlon,2,https://archive.is/20240219002848/https://www.zeit.de/politik/deutschland/2024-01/hans-georg-maassen-afd-treffen-werteunion-maximilian-krah/seite-2#selection-1797.66-1797.81,Jens Kronkorken
,Hans-Georg Maaßen,Mathilda Huss,Deutschland Kurier Frühlingsfest Gasthof Adlon,2,https://archive.is/20240219002848/https://www.zeit.de/politik/deutschland/2024-01/hans-georg-maassen-afd-treffen-werteunion-maximilian-krah/seite-2,Jens Kronkorken
,Mathilda Huss,Maximilian Krah,Gasthof Adlon,3,https://www.tagesspiegel.de/potsdam/landeshauptstadt/rechts-ist-geil-trifft-rassenkunde-nahe-zwischen-potsdamer-adlon-chefin-und-afd-spitzenpolitiker-krah-11156662.html,Jens Kronkorken
,Nils Hartwig,Götz Kubitschek,Treffen Wahlkriesbüro Helferich Januar 2024,3,https://www.volksverpetzer.de/analyse/chronologie-afd-und-identitaeren/,Simon Exner
,Björn Höcke,Nils Hartwig,Treffen Wahlkriesbüro Helferich Januar 2024,3,https://www.volksverpetzer.de/analyse/chronologie-afd-und-identitaeren/,Simon Exner
,Björn Höcke,Götz Kubitschek,Treffen Wahlkriesbüro Helferich Januar 2024,3,https://www.volksverpetzer.de/analyse/chronologie-afd-und-identitaeren/,Simon Exner
,Matthias Helferich,Nils Hartwig,Treffen Wahlkriesbüro Helferich Januar 2024,3,https://www.volksverpetzer.de/analyse/chronologie-afd-und-identitaeren/,Simon Exner
,Matthias Helferich,Götz Kubitschek,Treffen Wahlkriesbüro Helferich Januar 2024,3,https://www.volksverpetzer.de/analyse/chronologie-afd-und-identitaeren/,Simon Exner
,Matthias Helferich,Björn Höcke,Treffen Wahlkriesbüro Helferich Januar 2024,3,https://www.volksverpetzer.de/analyse/chronologie-afd-und-identitaeren/,Simon Exner
,Götz Kubitschek,Jürgen Elsässer,Kooperationspartner,3,https://de.wikipedia.org/wiki/J%C3%BCrgen_Els%C3%A4sser,Jens Kronkorken
,Svenja Mörig,Thore Stein,Mörig-Clan,4,https://archive.is/20240125083651/https://www.faz.net/aktuell/politik/inland/geheimtreffen-initiator-moerig-wie-wagenknechts-bekannter-jahrelang-taeuschte-19464352.html#selection-4967.232-4967.278,Jens Kronkorken
,Arne Friedrich Mörig,Svenja Mörig,Mörig-Clan,4,https://archive.is/20240125083651/https://www.faz.net/aktuell/politik/inland/geheimtreffen-initiator-moerig-wie-wagenknechts-bekannter-jahrelang-taeuschte-19464352.html#selection-4967.232-4967.278,Jens Kronkorken
,Wiebke Mörig,Svenja Mörig,Mörig-Clan,4,https://archive.is/20240125083651/https://www.faz.net/aktuell/politik/inland/geheimtreffen-initiator-moerig-wie-wagenknechts-bekannter-jahrelang-taeuschte-19464352.html#selection-4967.232-4967.278,Jens Kronkorken
,Inka Mörig,Svenja Mörig,Mörig-Clan,4,https://archive.is/20240125083651/https://www.faz.net/aktuell/politik/inland/geheimtreffen-initiator-moerig-wie-wagenknechts-bekannter-jahrelang-taeuschte-19464352.html#selection-4967.232-4967.278,Jens Kronkorken
,Astrid Mörig,Svenja Mörig,Mörig-Clan,4,https://archive.is/20240125083651/https://www.faz.net/aktuell/politik/inland/geheimtreffen-initiator-moerig-wie-wagenknechts-bekannter-jahrelang-taeuschte-19464352.html#selection-4967.232-4967.278,Jens Kronkorken
,Gernot Mörig,Svenja Mörig,Mörig-Clan,4,https://archive.is/20240125083651/https://www.faz.net/aktuell/politik/inland/geheimtreffen-initiator-moerig-wie-wagenknechts-bekannter-jahrelang-taeuschte-19464352.html#selection-4967.232-4967.278,Jens Kronkorken
,Wiebke Mörig,Inka Mörig,Mörig-Clan,4,https://archive.is/20240125083651/https://www.faz.net/aktuell/politik/inland/geheimtreffen-initiator-moerig-wie-wagenknechts-bekannter-jahrelang-taeuschte-19464352.html#selection-4967.232-4967.278,Jens Kronkorken
,Wiebke Mörig,Arne Friedrich Mörig,Mörig-Clan,4,https://archive.is/20240125083651/https://www.faz.net/aktuell/politik/inland/geheimtreffen-initiator-moerig-wie-wagenknechts-bekannter-jahrelang-taeuschte-19464352.html#selection-4967.232-4967.278,Jens Kronkorken
,Wiebke Mörig,Astrid Mörig,Mörig-Clan,4,https://archive.is/20240125083651/https://www.faz.net/aktuell/politik/inland/geheimtreffen-initiator-moerig-wie-wagenknechts-bekannter-jahrelang-taeuschte-19464352.html#selection-4967.232-4967.278,Jens Kronkorken
,Inka Mörig,Sebastian Zeilinger,Mörig-Clan,4,https://archive.is/20240125083651/https://www.faz.net/aktuell/politik/inland/geheimtreffen-initiator-moerig-wie-wagenknechts-bekannter-jahrelang-taeuschte-19464352.html#selection-4967.232-4967.278,Jens Kronkorken
,Gernot Mörig,Wiebke Mörig,Mörig-Clan,4,https://archive.is/20240125083651/https://www.faz.net/aktuell/politik/inland/geheimtreffen-initiator-moerig-wie-wagenknechts-bekannter-jahrelang-taeuschte-19464352.html#selection-4967.232-4967.278,Jens Kronkorken
,Gernot Mörig,Inka Mörig,Mörig-Clan,4,https://archive.is/20240125083651/https://www.faz.net/aktuell/politik/inland/geheimtreffen-initiator-moerig-wie-wagenknechts-bekannter-jahrelang-taeuschte-19464352.html#selection-4967.232-4967.278,Jens Kronkorken
,Gernot Mörig,Astrid Mörig,Mörig-Clan,4,https://correctiv.org/aktuelles/neue-rechte/2024/01/10/geheimplan-remigration-vertreibung-afd-rechtsextreme-november-treffen/,Jens Kronkorken
,Gernot Mörig,Arne Friedrich Mörig,Mörig-Clan,4,https://correctiv.org/aktuelles/neue-rechte/2024/01/10/geheimplan-remigration-vertreibung-afd-rechtsextreme-november-treffen/,Jens Kronkorken
,Arne Friedrich Mörig,Astrid Mörig,Mörig-Clan,4,https://correctiv.org/aktuelles/neue-rechte/2024/01/10/geheimplan-remigration-vertreibung-afd-rechtsextreme-november-treffen/,Jens Kronkorken
,Oliver Kirchner,Jürgen Elsässer,Compact-Konferenz „Frieden mit Russland“,2,https://web.archive.org/web/20240122175334/https://heimatkurier.at/rechte-akteure/compact-podiumsdiskussion-mit-israels-kriegsfanatikern-gegen-die-asylflut/,Simon Exner
,Peter Feist,Jürgen Elsässer,Compact-Konferenz „Frieden mit Russland“,3,https://web.archive.org/web/20240122175334/https://heimatkurier.at/rechte-akteure/compact-podiumsdiskussion-mit-israels-kriegsfanatikern-gegen-die-asylflut/,Simon Exner
,Peter Feist,Martin Sellner,Compact-Konferenz „Frieden mit Russland“,3,https://web.archive.org/web/20240122175334/https://heimatkurier.at/rechte-akteure/compact-podiumsdiskussion-mit-israels-kriegsfanatikern-gegen-die-asylflut/,Simon Exner
,Jürgen Elsässer,Martin Sellner,Compact-Konferenz „Frieden mit Russland“,3,https://web.archive.org/web/20240122175334/https://heimatkurier.at/rechte-akteure/compact-podiumsdiskussion-mit-israels-kriegsfanatikern-gegen-die-asylflut/,Simon Exner
,Oliver Kirchner,Martin Sellner,Compact-Konferenz „Frieden mit Russland“,1,https://web.archive.org/web/20240122175334/https://heimatkurier.at/rechte-akteure/compact-podiumsdiskussion-mit-israels-kriegsfanatikern-gegen-die-asylflut/,Simon Exner
,Oliver Kirchner,Peter Feist,Compact-Konferenz „Frieden mit Russland“,2,https://web.archive.org/web/20240122175334/https://heimatkurier.at/rechte-akteure/compact-podiumsdiskussion-mit-israels-kriegsfanatikern-gegen-die-asylflut/,Simon Exner
,Nikolaus Kramer,Martin Sellner,"Podcast ""Kramers klare Kante""",2,https://www.youtube.com/watch?v=aWm8dsyxXjM,Jens Kronkorken
,Martin Sellner,Nikolaus Kramer,"Podcast ""Kramers klare Kante""",2,https://www.youtube.com/watch?v=aWm8dsyxXjM,Jens Kronkorken
,Andreas Kalbitz,Björn Höcke,"AfD Brandenburg, Flügel",3,https://de.wikipedia.org/wiki/Andreas_Kalbitz,Simon Exner
,Hans-Christoph Berndt,Tim Krause,AfD Brandenburg,3,https://www.berliner-zeitung.de/news/brandenburger-afd-fraktion-steht-nach-rechten-treffen-zu-ihrem-sprecher-tim-krause-li.2177477,Jens Kronkorken
,Sarah Wagenknecht,Volker Pispers,Pispers Wagenknecht Abendessen,1,https://www.faz.net/aktuell/politik/inland/volker-pispers-habe-moerig-und-wagenknecht-getroffen-19461186.html,Jens Kronkorken
,Gernot Mörig,Sarah Wagenknecht,Pispers Wagenknecht Abendessen,1,https://www.faz.net/aktuell/politik/inland/volker-pispers-habe-moerig-und-wagenknecht-getroffen-19461186.html,Jens Kronkorken
,Gernot Mörig,Volker Pispers,"Pispers Wagenknecht Abendessen, Zahnarztpatient",2,https://www.faz.net/aktuell/politik/inland/volker-pispers-habe-moerig-und-wagenknecht-getroffen-19461186.html,Jens Kronkorken
,Gernot Mörig,Tino Chrupalla,5. Düsseldorfer Runde,1,https://archive.is/20240125083651/https://www.faz.net/aktuell/politik/inland/geheimtreffen-initiator-moerig-wie-wagenknechts-bekannter-jahrelang-taeuschte-19464352.html#selection-4529.346-4529.351,Simon Exner
,Udo Stein,Steffen Degler,AfD Baden-Württemberg Landtag,3,https://www.zvw.de/rems-murr-kreis/brisante-personalie-backnanger-steffen-degler-arbeitet-f%C3%BCr-afd-mdl-udo-stein_arid-620117,Simon Exner
,Jörg Meuthen,Vera Lengsfeld,Neues Hambacher Fest 2018,1,https://de.wikipedia.org/wiki/Max_Otte#Verh%C3%A4ltnis_zur_AfD_und_Ausschluss_aus_der_CDU,Jens Kronkorken
,Thilo Sarrazin,Vera Lengsfeld,Neues Hambacher Fest 2018,1,https://de.wikipedia.org/wiki/Max_Otte#Verh%C3%A4ltnis_zur_AfD_und_Ausschluss_aus_der_CDU,Jens Kronkorken
,Thilo Sarrazin,Jörg Meuthen,Neues Hambacher Fest 2018,1,https://de.wikipedia.org/wiki/Max_Otte#Verh%C3%A4ltnis_zur_AfD_und_Ausschluss_aus_der_CDU,Jens Kronkorken
,Max Otte,Vera Lengsfeld,Neues Hambacher Fest 2018,1,https://de.wikipedia.org/wiki/Max_Otte#Verh%C3%A4ltnis_zur_AfD_und_Ausschluss_aus_der_CDU,Jens Kronkorken
,Max Otte,Jörg Meuthen,Neues Hambacher Fest 2018,1,https://de.wikipedia.org/wiki/Max_Otte#Verh%C3%A4ltnis_zur_AfD_und_Ausschluss_aus_der_CDU,Jens Kronkorken
,Max Otte,Thilo Sarrazin,Neues Hambacher Fest 2018,1,https://de.wikipedia.org/wiki/Max_Otte#Verh%C3%A4ltnis_zur_AfD_und_Ausschluss_aus_der_CDU,Jens Kronkorken
,Gernot Mörig,Max Otte,Düsseldofer Runden,2,,Jens Kronkorken
,Dominik Asch,Steffen Degler,"Neckarwerft Podcast der ""JA BW"", Treffen der AfD Jugend BW und der IB im Landtag",2,https://www.youtube.com/watch?v=0bIYdBTu5Xo,Simon Exner
,Dominik Asch,Anton Baron,Treffen der AfD Jugend BW und der IB im Landtag,2,https://www.zvw.de/baden-w%C3%BCrttemberg/rechtsextremisten-im-landtag-identit%C3%A4ren-kader-bei-termin-mit-afd-fraktionschef_arid-658726,Simon Exner
,Steffen Degler,Anton Baron,Treffen der AfD Jugend BW und der IB im Landtag,2,https://www.zvw.de/baden-w%C3%BCrttemberg/rechtsextremisten-im-landtag-identit%C3%A4ren-kader-bei-termin-mit-afd-fraktionschef_arid-658726,Simon Exner
,Matthias Helferich,Dominik Asch,Treffen der AfD Jugend BW und der IB im Landtag,2,https://www.zvw.de/baden-w%C3%BCrttemberg/rechtsextremisten-im-landtag-identit%C3%A4ren-kader-bei-termin-mit-afd-fraktionschef_arid-658726,Simon Exner
,Matthias Helferich,Anton Baron,Treffen der AfD Jugend BW und der IB im Landtag,2,https://www.zvw.de/baden-w%C3%BCrttemberg/rechtsextremisten-im-landtag-identit%C3%A4ren-kader-bei-termin-mit-afd-fraktionschef_arid-658726,Simon Exner
,Matthias Helferich,Steffen Degler,Treffen der AfD Jugend BW und der IB im Landtag,2,https://www.zvw.de/baden-w%C3%BCrttemberg/rechtsextremisten-im-landtag-identit%C3%A4ren-kader-bei-termin-mit-afd-fraktionschef_arid-658726,Simon Exner
,Michael Seibold,Anton Baron,Treffen der AfD Jugend BW und der IB im Landtag,2,https://www.zvw.de/baden-w%C3%BCrttemberg/rechtsextremisten-im-landtag-identit%C3%A4ren-kader-bei-termin-mit-afd-fraktionschef_arid-658726,Simon Exner
,Michael Seibold,Dominik Asch,Treffen der AfD Jugend BW und der IB im Landtag,2,https://www.zvw.de/baden-w%C3%BCrttemberg/rechtsextremisten-im-landtag-identit%C3%A4ren-kader-bei-termin-mit-afd-fraktionschef_arid-658726,Simon Exner
,Michael Seibold,Steffen Degler,Treffen der AfD Jugend BW und der IB im Landtag,3,https://www.zvw.de/baden-w%C3%BCrttemberg/rechtsextremisten-im-landtag-identit%C3%A4ren-kader-bei-termin-mit-afd-fraktionschef_arid-658726,Simon Exner
,Michael Seibold,Matthias Helferich,Treffen der AfD Jugend BW und der IB im Landtag,2,https://www.zvw.de/baden-w%C3%BCrttemberg/rechtsextremisten-im-landtag-identit%C3%A4ren-kader-bei-termin-mit-afd-fraktionschef_arid-658726,Simon Exner
,Peter Kurth,Arne Friedrich Mörig,Bundesverband der Deutschen Entsorgungs- Wasser- und Kreislaufwirtschaft,3,https://archive.is/20240131175513/https://www.spiegel.de/politik/deutschland/rechtsextremist-gernot-moerig-und-seine-verbindungen-eine-schrecklich-rechte-familie-a-4f917ae1-915e-40b3-9699-d6bddbc5b6c8#selection-2267.78-2267.151,Jens Kronkorken
,Peter Kurth,Ellen Kositza,Sommerfest auf der Terrasse,1,https://archive.is/20240125130452/https://www.spiegel.de/politik/deutschland/peter-kurth-geheimes-vernetzungstreffen-diese-rechtsextremen-waren-auf-der-party-des-ex-cdu-senators-a-392e71d3-fd60-42d6-9d62-a8a923dfae5c,Jens Kronkorken
,Maximilian Krah,Ellen Kositza,Sommerfest auf der Terrasse,1,https://archive.is/20240125130452/https://www.spiegel.de/politik/deutschland/peter-kurth-geheimes-vernetzungstreffen-diese-rechtsextremen-waren-auf-der-party-des-ex-cdu-senators-a-392e71d3-fd60-42d6-9d62-a8a923dfae5c,Jens Kronkorken
,Philip Stein,Ellen Kositza,Sommerfest auf der Terrasse,1,https://archive.is/20240125130452/https://www.spiegel.de/politik/deutschland/peter-kurth-geheimes-vernetzungstreffen-diese-rechtsextremen-waren-auf-der-party-des-ex-cdu-senators-a-392e71d3-fd60-42d6-9d62-a8a923dfae5c,Jens Kronkorken
,Dominik Kaufner,Ellen Kositza,Sommerfest auf der Terrasse,1,https://archive.is/20240125130452/https://www.spiegel.de/politik/deutschland/peter-kurth-geheimes-vernetzungstreffen-diese-rechtsextremen-waren-auf-der-party-des-ex-cdu-senators-a-392e71d3-fd60-42d6-9d62-a8a923dfae5c,Jens Kronkorken
,Benedikt Kaiser,Ellen Kositza,Sommerfest auf der Terrasse,1,https://archive.is/20240125130452/https://www.spiegel.de/politik/deutschland/peter-kurth-geheimes-vernetzungstreffen-diese-rechtsextremen-waren-auf-der-party-des-ex-cdu-senators-a-392e71d3-fd60-42d6-9d62-a8a923dfae5c,Jens Kronkorken
,Marvin T. Neumann,Ellen Kositza,Sommerfest auf der Terrasse,1,https://archive.is/20240125130452/https://www.spiegel.de/politik/deutschland/peter-kurth-geheimes-vernetzungstreffen-diese-rechtsextremen-waren-auf-der-party-des-ex-cdu-senators-a-392e71d3-fd60-42d6-9d62-a8a923dfae5c,Jens Kronkorken
,Vincenzo Richter,Ellen Kositza,Sommerfest auf der Terrasse,1,https://archive.is/20240125130452/https://www.spiegel.de/politik/deutschland/peter-kurth-geheimes-vernetzungstreffen-diese-rechtsextremen-waren-auf-der-party-des-ex-cdu-senators-a-392e71d3-fd60-42d6-9d62-a8a923dfae5c,Jens Kronkorken
,Jean-Pascal Hohm,Ellen Kositza,Sommerfest auf der Terrasse,1,https://archive.is/20240125130452/https://www.spiegel.de/politik/deutschland/peter-kurth-geheimes-vernetzungstreffen-diese-rechtsextremen-waren-auf-der-party-des-ex-cdu-senators-a-392e71d3-fd60-42d6-9d62-a8a923dfae5c,Jens Kronkorken
,Matthias Helferich,Ellen Kositza,Sommerfest auf der Terrasse,1,https://archive.is/20240125130452/https://www.spiegel.de/politik/deutschland/peter-kurth-geheimes-vernetzungstreffen-diese-rechtsextremen-waren-auf-der-party-des-ex-cdu-senators-a-392e71d3-fd60-42d6-9d62-a8a923dfae5c,Jens Kronkorken
,Torben Braga,Ellen Kositza,Sommerfest auf der Terrasse,1,https://archive.is/20240125130452/https://www.spiegel.de/politik/deutschland/peter-kurth-geheimes-vernetzungstreffen-diese-rechtsextremen-waren-auf-der-party-des-ex-cdu-senators-a-392e71d3-fd60-42d6-9d62-a8a923dfae5c,Jens Kronkorken
,Kristin Brinker,Ellen Kositza,Sommerfest auf der Terrasse,1,https://archive.is/20240125130452/https://www.spiegel.de/politik/deutschland/peter-kurth-geheimes-vernetzungstreffen-diese-rechtsextremen-waren-auf-der-party-des-ex-cdu-senators-a-392e71d3-fd60-42d6-9d62-a8a923dfae5c,Jens Kronkorken
,Mary Khan-Hohloch,Ellen Kositza,Sommerfest auf der Terrasse,1,https://archive.is/20240125130452/https://www.spiegel.de/politik/deutschland/peter-kurth-geheimes-vernetzungstreffen-diese-rechtsextremen-waren-auf-der-party-des-ex-cdu-senators-a-392e71d3-fd60-42d6-9d62-a8a923dfae5c,Jens Kronkorken
,Mathilda Huss,Ellen Kositza,Sommerfest auf der Terrasse,1,https://archive.is/20240125130452/https://www.spiegel.de/politik/deutschland/peter-kurth-geheimes-vernetzungstreffen-diese-rechtsextremen-waren-auf-der-party-des-ex-cdu-senators-a-392e71d3-fd60-42d6-9d62-a8a923dfae5c,Jens Kronkorken
,Martin Sellner,Ellen Kositza,Sommerfest auf der Terrasse,1,https://archive.is/20240125130452/https://www.spiegel.de/politik/deutschland/peter-kurth-geheimes-vernetzungstreffen-diese-rechtsextremen-waren-auf-der-party-des-ex-cdu-senators-a-392e71d3-fd60-42d6-9d62-a8a923dfae5c,Jens Kronkorken
,Philip Stein,Vincenzo Richter,Sommerfest auf der Terrasse,1,https://archive.is/20240125130452/https://www.spiegel.de/politik/deutschland/peter-kurth-geheimes-vernetzungstreffen-diese-rechtsextremen-waren-auf-der-party-des-ex-cdu-senators-a-392e71d3-fd60-42d6-9d62-a8a923dfae5c,Jens Kronkorken
,Mathilda Huss,Vincenzo Richter,Sommerfest auf der Terrasse,1,https://archive.is/20240125130452/https://www.spiegel.de/politik/deutschland/peter-kurth-geheimes-vernetzungstreffen-diese-rechtsextremen-waren-auf-der-party-des-ex-cdu-senators-a-392e71d3-fd60-42d6-9d62-a8a923dfae5c,Jens Kronkorken
,Mathilda Huss,Philip Stein,Sommerfest auf der Terrasse,1,https://archive.is/20240125130452/https://www.spiegel.de/politik/deutschland/peter-kurth-geheimes-vernetzungstreffen-diese-rechtsextremen-waren-auf-der-party-des-ex-cdu-senators-a-392e71d3-fd60-42d6-9d62-a8a923dfae5c,Jens Kronkorken
,Dominik Kaufner,Vincenzo Richter,Sommerfest auf der Terrasse,1,https://archive.is/20240125130452/https://www.spiegel.de/politik/deutschland/peter-kurth-geheimes-vernetzungstreffen-diese-rechtsextremen-waren-auf-der-party-des-ex-cdu-senators-a-392e71d3-fd60-42d6-9d62-a8a923dfae5c,Jens Kronkorken
,Dominik Kaufner,Philip Stein,Sommerfest auf der Terrasse,1,https://archive.is/20240125130452/https://www.spiegel.de/politik/deutschland/peter-kurth-geheimes-vernetzungstreffen-diese-rechtsextremen-waren-auf-der-party-des-ex-cdu-senators-a-392e71d3-fd60-42d6-9d62-a8a923dfae5c,Jens Kronkorken
,Dominik Kaufner,Mathilda Huss,Sommerfest auf der Terrasse,1,https://archive.is/20240125130452/https://www.spiegel.de/politik/deutschland/peter-kurth-geheimes-vernetzungstreffen-diese-rechtsextremen-waren-auf-der-party-des-ex-cdu-senators-a-392e71d3-fd60-42d6-9d62-a8a923dfae5c,Jens Kronkorken
,Jean-Pascal Hohm,Vincenzo Richter,Sommerfest auf der Terrasse,1,https://archive.is/20240125130452/https://www.spiegel.de/politik/deutschland/peter-kurth-geheimes-vernetzungstreffen-diese-rechtsextremen-waren-auf-der-party-des-ex-cdu-senators-a-392e71d3-fd60-42d6-9d62-a8a923dfae5c,Jens Kronkorken
,Jean-Pascal Hohm,Philip Stein,Sommerfest auf der Terrasse,1,https://archive.is/20240125130452/https://www.spiegel.de/politik/deutschland/peter-kurth-geheimes-vernetzungstreffen-diese-rechtsextremen-waren-auf-der-party-des-ex-cdu-senators-a-392e71d3-fd60-42d6-9d62-a8a923dfae5c,Jens Kronkorken
,Jean-Pascal Hohm,Mathilda Huss,Sommerfest auf der Terrasse,1,https://archive.is/20240125130452/https://www.spiegel.de/politik/deutschland/peter-kurth-geheimes-vernetzungstreffen-diese-rechtsextremen-waren-auf-der-party-des-ex-cdu-senators-a-392e71d3-fd60-42d6-9d62-a8a923dfae5c,Jens Kronkorken
,Jean-Pascal Hohm,Dominik Kaufner,Sommerfest auf der Terrasse,1,https://archive.is/20240125130452/https://www.spiegel.de/politik/deutschland/peter-kurth-geheimes-vernetzungstreffen-diese-rechtsextremen-waren-auf-der-party-des-ex-cdu-senators-a-392e71d3-fd60-42d6-9d62-a8a923dfae5c,Jens Kronkorken
,Matthias Helferich,Vincenzo Richter,Sommerfest auf der Terrasse,1,https://archive.is/20240125130452/https://www.spiegel.de/politik/deutschland/peter-kurth-geheimes-vernetzungstreffen-diese-rechtsextremen-waren-auf-der-party-des-ex-cdu-senators-a-392e71d3-fd60-42d6-9d62-a8a923dfae5c,Jens Kronkorken
,Matthias Helferich,Philip Stein,Sommerfest auf der Terrasse,1,https://archive.is/20240125130452/https://www.spiegel.de/politik/deutschland/peter-kurth-geheimes-vernetzungstreffen-diese-rechtsextremen-waren-auf-der-party-des-ex-cdu-senators-a-392e71d3-fd60-42d6-9d62-a8a923dfae5c,Jens Kronkorken
,Matthias Helferich,Mathilda Huss,Sommerfest auf der Terrasse,1,https://archive.is/20240125130452/https://www.spiegel.de/politik/deutschland/peter-kurth-geheimes-vernetzungstreffen-diese-rechtsextremen-waren-auf-der-party-des-ex-cdu-senators-a-392e71d3-fd60-42d6-9d62-a8a923dfae5c,Jens Kronkorken
,Matthias Helferich,Dominik Kaufner,Sommerfest auf der Terrasse,1,https://archive.is/20240125130452/https://www.spiegel.de/politik/deutschland/peter-kurth-geheimes-vernetzungstreffen-diese-rechtsextremen-waren-auf-der-party-des-ex-cdu-senators-a-392e71d3-fd60-42d6-9d62-a8a923dfae5c,Jens Kronkorken
,Matthias Helferich,Jean-Pascal Hohm,Sommerfest auf der Terrasse,1,https://archive.is/20240125130452/https://www.spiegel.de/politik/deutschland/peter-kurth-geheimes-vernetzungstreffen-diese-rechtsextremen-waren-auf-der-party-des-ex-cdu-senators-a-392e71d3-fd60-42d6-9d62-a8a923dfae5c,Jens Kronkorken
,Marvin T. Neumann,Vincenzo Richter,Sommerfest auf der Terrasse,1,https://archive.is/20240125130452/https://www.spiegel.de/politik/deutschland/peter-kurth-geheimes-vernetzungstreffen-diese-rechtsextremen-waren-auf-der-party-des-ex-cdu-senators-a-392e71d3-fd60-42d6-9d62-a8a923dfae5c,Jens Kronkorken
,Marvin T. Neumann,Philip Stein,Sommerfest auf der Terrasse,1,https://archive.is/20240125130452/https://www.spiegel.de/politik/deutschland/peter-kurth-geheimes-vernetzungstreffen-diese-rechtsextremen-waren-auf-der-party-des-ex-cdu-senators-a-392e71d3-fd60-42d6-9d62-a8a923dfae5c,Jens Kronkorken
,Marvin T. Neumann,Mathilda Huss,Sommerfest auf der Terrasse,1,https://archive.is/20240125130452/https://www.spiegel.de/politik/deutschland/peter-kurth-geheimes-vernetzungstreffen-diese-rechtsextremen-waren-auf-der-party-des-ex-cdu-senators-a-392e71d3-fd60-42d6-9d62-a8a923dfae5c,Jens Kronkorken
,Marvin T. Neumann,Dominik Kaufner,Sommerfest auf der Terrasse,1,https://archive.is/20240125130452/https://www.spiegel.de/politik/deutschland/peter-kurth-geheimes-vernetzungstreffen-diese-rechtsextremen-waren-auf-der-party-des-ex-cdu-senators-a-392e71d3-fd60-42d6-9d62-a8a923dfae5c,Jens Kronkorken
,Marvin T. Neumann,Jean-Pascal Hohm,Sommerfest auf der Terrasse,1,https://archive.is/20240125130452/https://www.spiegel.de/politik/deutschland/peter-kurth-geheimes-vernetzungstreffen-diese-rechtsextremen-waren-auf-der-party-des-ex-cdu-senators-a-392e71d3-fd60-42d6-9d62-a8a923dfae5c,Jens Kronkorken
,Marvin T. Neumann,Matthias Helferich,Sommerfest auf der Terrasse,1,https://archive.is/20240125130452/https://www.spiegel.de/politik/deutschland/peter-kurth-geheimes-vernetzungstreffen-diese-rechtsextremen-waren-auf-der-party-des-ex-cdu-senators-a-392e71d3-fd60-42d6-9d62-a8a923dfae5c,Jens Kronkorken
,Mary Khan-Hohloch,Vincenzo Richter,Sommerfest auf der Terrasse,1,https://archive.is/20240125130452/https://www.spiegel.de/politik/deutschland/peter-kurth-geheimes-vernetzungstreffen-diese-rechtsextremen-waren-auf-der-party-des-ex-cdu-senators-a-392e71d3-fd60-42d6-9d62-a8a923dfae5c,Jens Kronkorken
,Mary Khan-Hohloch,Philip Stein,Sommerfest auf der Terrasse,1,https://archive.is/20240125130452/https://www.spiegel.de/politik/deutschland/peter-kurth-geheimes-vernetzungstreffen-diese-rechtsextremen-waren-auf-der-party-des-ex-cdu-senators-a-392e71d3-fd60-42d6-9d62-a8a923dfae5c,Jens Kronkorken
,Mary Khan-Hohloch,Mathilda Huss,Sommerfest auf der Terrasse,1,https://archive.is/20240125130452/https://www.spiegel.de/politik/deutschland/peter-kurth-geheimes-vernetzungstreffen-diese-rechtsextremen-waren-auf-der-party-des-ex-cdu-senators-a-392e71d3-fd60-42d6-9d62-a8a923dfae5c,Jens Kronkorken
,Mary Khan-Hohloch,Dominik Kaufner,Sommerfest auf der Terrasse,1,https://archive.is/20240125130452/https://www.spiegel.de/politik/deutschland/peter-kurth-geheimes-vernetzungstreffen-diese-rechtsextremen-waren-auf-der-party-des-ex-cdu-senators-a-392e71d3-fd60-42d6-9d62-a8a923dfae5c,Jens Kronkorken
,Mary Khan-Hohloch,Jean-Pascal Hohm,Sommerfest auf der Terrasse,1,https://archive.is/20240125130452/https://www.spiegel.de/politik/deutschland/peter-kurth-geheimes-vernetzungstreffen-diese-rechtsextremen-waren-auf-der-party-des-ex-cdu-senators-a-392e71d3-fd60-42d6-9d62-a8a923dfae5c,Jens Kronkorken
,Mary Khan-Hohloch,Matthias Helferich,Sommerfest auf der Terrasse,1,https://archive.is/20240125130452/https://www.spiegel.de/politik/deutschland/peter-kurth-geheimes-vernetzungstreffen-diese-rechtsextremen-waren-auf-der-party-des-ex-cdu-senators-a-392e71d3-fd60-42d6-9d62-a8a923dfae5c,Jens Kronkorken
,Mary Khan-Hohloch,Marvin T. Neumann,Sommerfest auf der Terrasse,1,https://archive.is/20240125130452/https://www.spiegel.de/politik/deutschland/peter-kurth-geheimes-vernetzungstreffen-diese-rechtsextremen-waren-auf-der-party-des-ex-cdu-senators-a-392e71d3-fd60-42d6-9d62-a8a923dfae5c,Jens Kronkorken
,Torben Braga,Vincenzo Richter,Sommerfest auf der Terrasse,1,https://archive.is/20240125130452/https://www.spiegel.de/politik/deutschland/peter-kurth-geheimes-vernetzungstreffen-diese-rechtsextremen-waren-auf-der-party-des-ex-cdu-senators-a-392e71d3-fd60-42d6-9d62-a8a923dfae5c,Jens Kronkorken
,Torben Braga,Philip Stein,Sommerfest auf der Terrasse,1,https://archive.is/20240125130452/https://www.spiegel.de/politik/deutschland/peter-kurth-geheimes-vernetzungstreffen-diese-rechtsextremen-waren-auf-der-party-des-ex-cdu-senators-a-392e71d3-fd60-42d6-9d62-a8a923dfae5c,Jens Kronkorken
,Torben Braga,Mathilda Huss,Sommerfest auf der Terrasse,1,https://archive.is/20240125130452/https://www.spiegel.de/politik/deutschland/peter-kurth-geheimes-vernetzungstreffen-diese-rechtsextremen-waren-auf-der-party-des-ex-cdu-senators-a-392e71d3-fd60-42d6-9d62-a8a923dfae5c,Jens Kronkorken
,Torben Braga,Dominik Kaufner,Sommerfest auf der Terrasse,1,https://archive.is/20240125130452/https://www.spiegel.de/politik/deutschland/peter-kurth-geheimes-vernetzungstreffen-diese-rechtsextremen-waren-auf-der-party-des-ex-cdu-senators-a-392e71d3-fd60-42d6-9d62-a8a923dfae5c,Jens Kronkorken
,Torben Braga,Jean-Pascal Hohm,Sommerfest auf der Terrasse,1,https://archive.is/20240125130452/https://www.spiegel.de/politik/deutschland/peter-kurth-geheimes-vernetzungstreffen-diese-rechtsextremen-waren-auf-der-party-des-ex-cdu-senators-a-392e71d3-fd60-42d6-9d62-a8a923dfae5c,Jens Kronkorken
,Torben Braga,Matthias Helferich,Sommerfest auf der Terrasse,1,https://archive.is/20240125130452/https://www.spiegel.de/politik/deutschland/peter-kurth-geheimes-vernetzungstreffen-diese-rechtsextremen-waren-auf-der-party-des-ex-cdu-senators-a-392e71d3-fd60-42d6-9d62-a8a923dfae5c,Jens Kronkorken
,Torben Braga,Marvin T. Neumann,Sommerfest auf der Terrasse,1,https://archive.is/20240125130452/https://www.spiegel.de/politik/deutschland/peter-kurth-geheimes-vernetzungstreffen-diese-rechtsextremen-waren-auf-der-party-des-ex-cdu-senators-a-392e71d3-fd60-42d6-9d62-a8a923dfae5c,Jens Kronkorken
,Torben Braga,Mary Khan-Hohloch,Sommerfest auf der Terrasse,1,https://archive.is/20240125130452/https://www.spiegel.de/politik/deutschland/peter-kurth-geheimes-vernetzungstreffen-diese-rechtsextremen-waren-auf-der-party-des-ex-cdu-senators-a-392e71d3-fd60-42d6-9d62-a8a923dfae5c,Jens Kronkorken
,Kristin Brinker,Vincenzo Richter,Sommerfest auf der Terrasse,1,https://archive.is/20240125130452/https://www.spiegel.de/politik/deutschland/peter-kurth-geheimes-vernetzungstreffen-diese-rechtsextremen-waren-auf-der-party-des-ex-cdu-senators-a-392e71d3-fd60-42d6-9d62-a8a923dfae5c,Jens Kronkorken
,Kristin Brinker,Philip Stein,Sommerfest auf der Terrasse,1,https://archive.is/20240125130452/https://www.spiegel.de/politik/deutschland/peter-kurth-geheimes-vernetzungstreffen-diese-rechtsextremen-waren-auf-der-party-des-ex-cdu-senators-a-392e71d3-fd60-42d6-9d62-a8a923dfae5c,Jens Kronkorken
,Kristin Brinker,Mathilda Huss,Sommerfest auf der Terrasse,1,https://archive.is/20240125130452/https://www.spiegel.de/politik/deutschland/peter-kurth-geheimes-vernetzungstreffen-diese-rechtsextremen-waren-auf-der-party-des-ex-cdu-senators-a-392e71d3-fd60-42d6-9d62-a8a923dfae5c,Jens Kronkorken
,Kristin Brinker,Dominik Kaufner,Sommerfest auf der Terrasse,1,https://archive.is/20240125130452/https://www.spiegel.de/politik/deutschland/peter-kurth-geheimes-vernetzungstreffen-diese-rechtsextremen-waren-auf-der-party-des-ex-cdu-senators-a-392e71d3-fd60-42d6-9d62-a8a923dfae5c,Jens Kronkorken
,Kristin Brinker,Jean-Pascal Hohm,Sommerfest auf der Terrasse,1,https://archive.is/20240125130452/https://www.spiegel.de/politik/deutschland/peter-kurth-geheimes-vernetzungstreffen-diese-rechtsextremen-waren-auf-der-party-des-ex-cdu-senators-a-392e71d3-fd60-42d6-9d62-a8a923dfae5c,Jens Kronkorken
,Kristin Brinker,Matthias Helferich,Sommerfest auf der Terrasse,1,https://archive.is/20240125130452/https://www.spiegel.de/politik/deutschland/peter-kurth-geheimes-vernetzungstreffen-diese-rechtsextremen-waren-auf-der-party-des-ex-cdu-senators-a-392e71d3-fd60-42d6-9d62-a8a923dfae5c,Jens Kronkorken
,Kristin Brinker,Marvin T. Neumann,Sommerfest auf der Terrasse,1,https://archive.is/20240125130452/https://www.spiegel.de/politik/deutschland/peter-kurth-geheimes-vernetzungstreffen-diese-rechtsextremen-waren-auf-der-party-des-ex-cdu-senators-a-392e71d3-fd60-42d6-9d62-a8a923dfae5c,Jens Kronkorken
,Kristin Brinker,Mary Khan-Hohloch,Sommerfest auf der Terrasse,1,https://archive.is/20240125130452/https://www.spiegel.de/politik/deutschland/peter-kurth-geheimes-vernetzungstreffen-diese-rechtsextremen-waren-auf-der-party-des-ex-cdu-senators-a-392e71d3-fd60-42d6-9d62-a8a923dfae5c,Jens Kronkorken
,Kristin Brinker,Torben Braga,Sommerfest auf der Terrasse,1,https://archive.is/20240125130452/https://www.spiegel.de/politik/deutschland/peter-kurth-geheimes-vernetzungstreffen-diese-rechtsextremen-waren-auf-der-party-des-ex-cdu-senators-a-392e71d3-fd60-42d6-9d62-a8a923dfae5c,Jens Kronkorken
,Benedikt Kaiser,Vincenzo Richter,Sommerfest auf der Terrasse,1,https://archive.is/20240125130452/https://www.spiegel.de/politik/deutschland/peter-kurth-geheimes-vernetzungstreffen-diese-rechtsextremen-waren-auf-der-party-des-ex-cdu-senators-a-392e71d3-fd60-42d6-9d62-a8a923dfae5c,Jens Kronkorken
,Benedikt Kaiser,Philip Stein,Sommerfest auf der Terrasse,1,https://archive.is/20240125130452/https://www.spiegel.de/politik/deutschland/peter-kurth-geheimes-vernetzungstreffen-diese-rechtsextremen-waren-auf-der-party-des-ex-cdu-senators-a-392e71d3-fd60-42d6-9d62-a8a923dfae5c,Jens Kronkorken
,Benedikt Kaiser,Mathilda Huss,Sommerfest auf der Terrasse,1,https://archive.is/20240125130452/https://www.spiegel.de/politik/deutschland/peter-kurth-geheimes-vernetzungstreffen-diese-rechtsextremen-waren-auf-der-party-des-ex-cdu-senators-a-392e71d3-fd60-42d6-9d62-a8a923dfae5c,Jens Kronkorken
,Benedikt Kaiser,Dominik Kaufner,Sommerfest auf der Terrasse,1,https://archive.is/20240125130452/https://www.spiegel.de/politik/deutschland/peter-kurth-geheimes-vernetzungstreffen-diese-rechtsextremen-waren-auf-der-party-des-ex-cdu-senators-a-392e71d3-fd60-42d6-9d62-a8a923dfae5c,Jens Kronkorken
,Benedikt Kaiser,Jean-Pascal Hohm,Sommerfest auf der Terrasse,1,https://archive.is/20240125130452/https://www.spiegel.de/politik/deutschland/peter-kurth-geheimes-vernetzungstreffen-diese-rechtsextremen-waren-auf-der-party-des-ex-cdu-senators-a-392e71d3-fd60-42d6-9d62-a8a923dfae5c,Jens Kronkorken
,Benedikt Kaiser,Matthias Helferich,Sommerfest auf der Terrasse,1,https://archive.is/20240125130452/https://www.spiegel.de/politik/deutschland/peter-kurth-geheimes-vernetzungstreffen-diese-rechtsextremen-waren-auf-der-party-des-ex-cdu-senators-a-392e71d3-fd60-42d6-9d62-a8a923dfae5c,Jens Kronkorken
,Benedikt Kaiser,Marvin T. Neumann,Sommerfest auf der Terrasse,1,https://archive.is/20240125130452/https://www.spiegel.de/politik/deutschland/peter-kurth-geheimes-vernetzungstreffen-diese-rechtsextremen-waren-auf-der-party-des-ex-cdu-senators-a-392e71d3-fd60-42d6-9d62-a8a923dfae5c,Jens Kronkorken
,Benedikt Kaiser,Mary Khan-Hohloch,Sommerfest auf der Terrasse,1,https://archive.is/20240125130452/https://www.spiegel.de/politik/deutschland/peter-kurth-geheimes-vernetzungstreffen-diese-rechtsextremen-waren-auf-der-party-des-ex-cdu-senators-a-392e71d3-fd60-42d6-9d62-a8a923dfae5c,Jens Kronkorken
,Benedikt Kaiser,Torben Braga,Sommerfest auf der Terrasse,1,https://archive.is/20240125130452/https://www.spiegel.de/politik/deutschland/peter-kurth-geheimes-vernetzungstreffen-diese-rechtsextremen-waren-auf-der-party-des-ex-cdu-senators-a-392e71d3-fd60-42d6-9d62-a8a923dfae5c,Jens Kronkorken
,Benedikt Kaiser,Kristin Brinker,Sommerfest auf der Terrasse,1,https://archive.is/20240125130452/https://www.spiegel.de/politik/deutschland/peter-kurth-geheimes-vernetzungstreffen-diese-rechtsextremen-waren-auf-der-party-des-ex-cdu-senators-a-392e71d3-fd60-42d6-9d62-a8a923dfae5c,Jens Kronkorken
,Maximilian Krah,Vincenzo Richter,Sommerfest auf der Terrasse,1,https://archive.is/20240125130452/https://www.spiegel.de/politik/deutschland/peter-kurth-geheimes-vernetzungstreffen-diese-rechtsextremen-waren-auf-der-party-des-ex-cdu-senators-a-392e71d3-fd60-42d6-9d62-a8a923dfae5c,Jens Kronkorken
,Maximilian Krah,Philip Stein,Sommerfest auf der Terrasse,1,https://archive.is/20240125130452/https://www.spiegel.de/politik/deutschland/peter-kurth-geheimes-vernetzungstreffen-diese-rechtsextremen-waren-auf-der-party-des-ex-cdu-senators-a-392e71d3-fd60-42d6-9d62-a8a923dfae5c,Jens Kronkorken
,Maximilian Krah,Mathilda Huss,Sommerfest auf der Terrasse,2,https://archive.is/20240125130452/https://www.spiegel.de/politik/deutschland/peter-kurth-geheimes-vernetzungstreffen-diese-rechtsextremen-waren-auf-der-party-des-ex-cdu-senators-a-392e71d3-fd60-42d6-9d62-a8a923dfae5c,Jens Kronkorken
,Maximilian Krah,Dominik Kaufner,Sommerfest auf der Terrasse,1,https://archive.is/20240125130452/https://www.spiegel.de/politik/deutschland/peter-kurth-geheimes-vernetzungstreffen-diese-rechtsextremen-waren-auf-der-party-des-ex-cdu-senators-a-392e71d3-fd60-42d6-9d62-a8a923dfae5c,Jens Kronkorken
,Maximilian Krah,Jean-Pascal Hohm,Sommerfest auf der Terrasse,1,https://archive.is/20240125130452/https://www.spiegel.de/politik/deutschland/peter-kurth-geheimes-vernetzungstreffen-diese-rechtsextremen-waren-auf-der-party-des-ex-cdu-senators-a-392e71d3-fd60-42d6-9d62-a8a923dfae5c,Jens Kronkorken
,Maximilian Krah,Matthias Helferich,Sommerfest auf der Terrasse,1,https://archive.is/20240125130452/https://www.spiegel.de/politik/deutschland/peter-kurth-geheimes-vernetzungstreffen-diese-rechtsextremen-waren-auf-der-party-des-ex-cdu-senators-a-392e71d3-fd60-42d6-9d62-a8a923dfae5c,Jens Kronkorken
,Maximilian Krah,Marvin T. Neumann,Sommerfest auf der Terrasse,1,https://archive.is/20240125130452/https://www.spiegel.de/politik/deutschland/peter-kurth-geheimes-vernetzungstreffen-diese-rechtsextremen-waren-auf-der-party-des-ex-cdu-senators-a-392e71d3-fd60-42d6-9d62-a8a923dfae5c,Jens Kronkorken
,Maximilian Krah,Mary Khan-Hohloch,Sommerfest auf der Terrasse,1,https://archive.is/20240125130452/https://www.spiegel.de/politik/deutschland/peter-kurth-geheimes-vernetzungstreffen-diese-rechtsextremen-waren-auf-der-party-des-ex-cdu-senators-a-392e71d3-fd60-42d6-9d62-a8a923dfae5c,Jens Kronkorken
,Maximilian Krah,Torben Braga,Sommerfest auf der Terrasse,1,https://archive.is/20240125130452/https://www.spiegel.de/politik/deutschland/peter-kurth-geheimes-vernetzungstreffen-diese-rechtsextremen-waren-auf-der-party-des-ex-cdu-senators-a-392e71d3-fd60-42d6-9d62-a8a923dfae5c,Jens Kronkorken
,Maximilian Krah,Kristin Brinker,Sommerfest auf der Terrasse,1,https://archive.is/20240125130452/https://www.spiegel.de/politik/deutschland/peter-kurth-geheimes-vernetzungstreffen-diese-rechtsextremen-waren-auf-der-party-des-ex-cdu-senators-a-392e71d3-fd60-42d6-9d62-a8a923dfae5c,Jens Kronkorken
,Maximilian Krah,Benedikt Kaiser,Sommerfest auf der Terrasse,1,https://archive.is/20240125130452/https://www.spiegel.de/politik/deutschland/peter-kurth-geheimes-vernetzungstreffen-diese-rechtsextremen-waren-auf-der-party-des-ex-cdu-senators-a-392e71d3-fd60-42d6-9d62-a8a923dfae5c,Jens Kronkorken
,Martin Sellner,Vincenzo Richter,Sommerfest auf der Terrasse,1,https://archive.is/20240125130452/https://www.spiegel.de/politik/deutschland/peter-kurth-geheimes-vernetzungstreffen-diese-rechtsextremen-waren-auf-der-party-des-ex-cdu-senators-a-392e71d3-fd60-42d6-9d62-a8a923dfae5c,Jens Kronkorken
,Martin Sellner,Philip Stein,Sommerfest auf der Terrasse,1,https://archive.is/20240125130452/https://www.spiegel.de/politik/deutschland/peter-kurth-geheimes-vernetzungstreffen-diese-rechtsextremen-waren-auf-der-party-des-ex-cdu-senators-a-392e71d3-fd60-42d6-9d62-a8a923dfae5c,Jens Kronkorken
,Martin Sellner,Dominik Kaufner,Sommerfest auf der Terrasse,1,https://archive.is/20240125130452/https://www.spiegel.de/politik/deutschland/peter-kurth-geheimes-vernetzungstreffen-diese-rechtsextremen-waren-auf-der-party-des-ex-cdu-senators-a-392e71d3-fd60-42d6-9d62-a8a923dfae5c,Jens Kronkorken
,Martin Sellner,Jean-Pascal Hohm,Sommerfest auf der Terrasse,1,https://archive.is/20240125130452/https://www.spiegel.de/politik/deutschland/peter-kurth-geheimes-vernetzungstreffen-diese-rechtsextremen-waren-auf-der-party-des-ex-cdu-senators-a-392e71d3-fd60-42d6-9d62-a8a923dfae5c,Jens Kronkorken
,Martin Sellner,Matthias Helferich,Sommerfest auf der Terrasse,1,https://archive.is/20240125130452/https://www.spiegel.de/politik/deutschland/peter-kurth-geheimes-vernetzungstreffen-diese-rechtsextremen-waren-auf-der-party-des-ex-cdu-senators-a-392e71d3-fd60-42d6-9d62-a8a923dfae5c,Jens Kronkorken
,Martin Sellner,Marvin T. Neumann,Sommerfest auf der Terrasse,1,https://archive.is/20240125130452/https://www.spiegel.de/politik/deutschland/peter-kurth-geheimes-vernetzungstreffen-diese-rechtsextremen-waren-auf-der-party-des-ex-cdu-senators-a-392e71d3-fd60-42d6-9d62-a8a923dfae5c,Jens Kronkorken
,Martin Sellner,Mary Khan-Hohloch,Sommerfest auf der Terrasse,1,https://archive.is/20240125130452/https://www.spiegel.de/politik/deutschland/peter-kurth-geheimes-vernetzungstreffen-diese-rechtsextremen-waren-auf-der-party-des-ex-cdu-senators-a-392e71d3-fd60-42d6-9d62-a8a923dfae5c,Jens Kronkorken
,Martin Sellner,Torben Braga,Sommerfest auf der Terrasse,1,https://archive.is/20240125130452/https://www.spiegel.de/politik/deutschland/peter-kurth-geheimes-vernetzungstreffen-diese-rechtsextremen-waren-auf-der-party-des-ex-cdu-senators-a-392e71d3-fd60-42d6-9d62-a8a923dfae5c,Jens Kronkorken
,Martin Sellner,Kristin Brinker,Sommerfest auf der Terrasse,1,https://archive.is/20240125130452/https://www.spiegel.de/politik/deutschland/peter-kurth-geheimes-vernetzungstreffen-diese-rechtsextremen-waren-auf-der-party-des-ex-cdu-senators-a-392e71d3-fd60-42d6-9d62-a8a923dfae5c,Jens Kronkorken
,Martin Sellner,Benedikt Kaiser,Sommerfest auf der Terrasse,1,https://archive.is/20240125130452/https://www.spiegel.de/politik/deutschland/peter-kurth-geheimes-vernetzungstreffen-diese-rechtsextremen-waren-auf-der-party-des-ex-cdu-senators-a-392e71d3-fd60-42d6-9d62-a8a923dfae5c,Jens Kronkorken
,Martin Sellner,Maximilian Krah,Sommerfest auf der Terrasse,1,https://archive.is/20240125130452/https://www.spiegel.de/politik/deutschland/peter-kurth-geheimes-vernetzungstreffen-diese-rechtsextremen-waren-auf-der-party-des-ex-cdu-senators-a-392e71d3-fd60-42d6-9d62-a8a923dfae5c,Jens Kronkorken
,Martin Sellner,Götz Kubitschek,Sommerfest auf der Terrasse,1,https://archive.is/20240125130452/https://www.spiegel.de/politik/deutschland/peter-kurth-geheimes-vernetzungstreffen-diese-rechtsextremen-waren-auf-der-party-des-ex-cdu-senators-a-392e71d3-fd60-42d6-9d62-a8a923dfae5c,Jens Kronkorken
,Götz Kubitschek,Vincenzo Richter,Sommerfest auf der Terrasse,1,https://archive.is/20240125130452/https://www.spiegel.de/politik/deutschland/peter-kurth-geheimes-vernetzungstreffen-diese-rechtsextremen-waren-auf-der-party-des-ex-cdu-senators-a-392e71d3-fd60-42d6-9d62-a8a923dfae5c,Jens Kronkorken
,Götz Kubitschek,Philip Stein,Sommerfest auf der Terrasse,1,https://archive.is/20240125130452/https://www.spiegel.de/politik/deutschland/peter-kurth-geheimes-vernetzungstreffen-diese-rechtsextremen-waren-auf-der-party-des-ex-cdu-senators-a-392e71d3-fd60-42d6-9d62-a8a923dfae5c,Jens Kronkorken
,Götz Kubitschek,Mathilda Huss,Sommerfest auf der Terrasse,1,https://archive.is/20240125130452/https://www.spiegel.de/politik/deutschland/peter-kurth-geheimes-vernetzungstreffen-diese-rechtsextremen-waren-auf-der-party-des-ex-cdu-senators-a-392e71d3-fd60-42d6-9d62-a8a923dfae5c,Jens Kronkorken
,Götz Kubitschek,Dominik Kaufner,Sommerfest auf der Terrasse,1,https://archive.is/20240125130452/https://www.spiegel.de/politik/deutschland/peter-kurth-geheimes-vernetzungstreffen-diese-rechtsextremen-waren-auf-der-party-des-ex-cdu-senators-a-392e71d3-fd60-42d6-9d62-a8a923dfae5c,Jens Kronkorken
,Götz Kubitschek,Jean-Pascal Hohm,Sommerfest auf der Terrasse,1,https://archive.is/20240125130452/https://www.spiegel.de/politik/deutschland/peter-kurth-geheimes-vernetzungstreffen-diese-rechtsextremen-waren-auf-der-party-des-ex-cdu-senators-a-392e71d3-fd60-42d6-9d62-a8a923dfae5c,Jens Kronkorken
,Götz Kubitschek,Matthias Helferich,Sommerfest auf der Terrasse,1,https://archive.is/20240125130452/https://www.spiegel.de/politik/deutschland/peter-kurth-geheimes-vernetzungstreffen-diese-rechtsextremen-waren-auf-der-party-des-ex-cdu-senators-a-392e71d3-fd60-42d6-9d62-a8a923dfae5c,Jens Kronkorken
,Götz Kubitschek,Marvin T. Neumann,Sommerfest auf der Terrasse,1,https://archive.is/20240125130452/https://www.spiegel.de/politik/deutschland/peter-kurth-geheimes-vernetzungstreffen-diese-rechtsextremen-waren-auf-der-party-des-ex-cdu-senators-a-392e71d3-fd60-42d6-9d62-a8a923dfae5c,Jens Kronkorken
,Götz Kubitschek,Mary Khan-Hohloch,Sommerfest auf der Terrasse,1,https://archive.is/20240125130452/https://www.spiegel.de/politik/deutschland/peter-kurth-geheimes-vernetzungstreffen-diese-rechtsextremen-waren-auf-der-party-des-ex-cdu-senators-a-392e71d3-fd60-42d6-9d62-a8a923dfae5c,Jens Kronkorken
,Götz Kubitschek,Torben Braga,Sommerfest auf der Terrasse,1,https://archive.is/20240125130452/https://www.spiegel.de/politik/deutschland/peter-kurth-geheimes-vernetzungstreffen-diese-rechtsextremen-waren-auf-der-party-des-ex-cdu-senators-a-392e71d3-fd60-42d6-9d62-a8a923dfae5c,Jens Kronkorken
,Götz Kubitschek,Kristin Brinker,Sommerfest auf der Terrasse,1,https://archive.is/20240125130452/https://www.spiegel.de/politik/deutschland/peter-kurth-geheimes-vernetzungstreffen-diese-rechtsextremen-waren-auf-der-party-des-ex-cdu-senators-a-392e71d3-fd60-42d6-9d62-a8a923dfae5c,Jens Kronkorken
,Götz Kubitschek,Benedikt Kaiser,Sommerfest auf der Terrasse,1,https://archive.is/20240125130452/https://www.spiegel.de/politik/deutschland/peter-kurth-geheimes-vernetzungstreffen-diese-rechtsextremen-waren-auf-der-party-des-ex-cdu-senators-a-392e71d3-fd60-42d6-9d62-a8a923dfae5c,Jens Kronkorken
,Götz Kubitschek,Maximilian Krah,Sommerfest auf der Terrasse,1,https://archive.is/20240125130452/https://www.spiegel.de/politik/deutschland/peter-kurth-geheimes-vernetzungstreffen-diese-rechtsextremen-waren-auf-der-party-des-ex-cdu-senators-a-392e71d3-fd60-42d6-9d62-a8a923dfae5c,Jens Kronkorken
,Peter Kurth,Vincenzo Richter,Sommerfest auf der Terrasse,1,https://archive.is/20240125130452/https://www.spiegel.de/politik/deutschland/peter-kurth-geheimes-vernetzungstreffen-diese-rechtsextremen-waren-auf-der-party-des-ex-cdu-senators-a-392e71d3-fd60-42d6-9d62-a8a923dfae5c,Jens Kronkorken
,Peter Kurth,Philip Stein,Sommerfest auf der Terrasse,1,https://archive.is/20240125130452/https://www.spiegel.de/politik/deutschland/peter-kurth-geheimes-vernetzungstreffen-diese-rechtsextremen-waren-auf-der-party-des-ex-cdu-senators-a-392e71d3-fd60-42d6-9d62-a8a923dfae5c,Jens Kronkorken
,Peter Kurth,Mathilda Huss,Sommerfest auf der Terrasse,1,https://archive.is/20240125130452/https://www.spiegel.de/politik/deutschland/peter-kurth-geheimes-vernetzungstreffen-diese-rechtsextremen-waren-auf-der-party-des-ex-cdu-senators-a-392e71d3-fd60-42d6-9d62-a8a923dfae5c,Jens Kronkorken
,Peter Kurth,Dominik Kaufner,Sommerfest auf der Terrasse,1,https://archive.is/20240125130452/https://www.spiegel.de/politik/deutschland/peter-kurth-geheimes-vernetzungstreffen-diese-rechtsextremen-waren-auf-der-party-des-ex-cdu-senators-a-392e71d3-fd60-42d6-9d62-a8a923dfae5c,Jens Kronkorken
,Peter Kurth,Jean-Pascal Hohm,Sommerfest auf der Terrasse,1,https://archive.is/20240125130452/https://www.spiegel.de/politik/deutschland/peter-kurth-geheimes-vernetzungstreffen-diese-rechtsextremen-waren-auf-der-party-des-ex-cdu-senators-a-392e71d3-fd60-42d6-9d62-a8a923dfae5c,Jens Kronkorken
,Peter Kurth,Matthias Helferich,Sommerfest auf der Terrasse,1,https://archive.is/20240125130452/https://www.spiegel.de/politik/deutschland/peter-kurth-geheimes-vernetzungstreffen-diese-rechtsextremen-waren-auf-der-party-des-ex-cdu-senators-a-392e71d3-fd60-42d6-9d62-a8a923dfae5c,Jens Kronkorken
,Peter Kurth,Marvin T. Neumann,Sommerfest auf der Terrasse,1,https://archive.is/20240125130452/https://www.spiegel.de/politik/deutschland/peter-kurth-geheimes-vernetzungstreffen-diese-rechtsextremen-waren-auf-der-party-des-ex-cdu-senators-a-392e71d3-fd60-42d6-9d62-a8a923dfae5c,Jens Kronkorken
,Peter Kurth,Mary Khan-Hohloch,Sommerfest auf der Terrasse,1,https://archive.is/20240125130452/https://www.spiegel.de/politik/deutschland/peter-kurth-geheimes-vernetzungstreffen-diese-rechtsextremen-waren-auf-der-party-des-ex-cdu-senators-a-392e71d3-fd60-42d6-9d62-a8a923dfae5c,Jens Kronkorken
,Peter Kurth,Torben Braga,Sommerfest auf der Terrasse,1,https://archive.is/20240125130452/https://www.spiegel.de/politik/deutschland/peter-kurth-geheimes-vernetzungstreffen-diese-rechtsextremen-waren-auf-der-party-des-ex-cdu-senators-a-392e71d3-fd60-42d6-9d62-a8a923dfae5c,Jens Kronkorken
,Peter Kurth,Kristin Brinker,Sommerfest auf der Terrasse,1,https://archive.is/20240125130452/https://www.spiegel.de/politik/deutschland/peter-kurth-geheimes-vernetzungstreffen-diese-rechtsextremen-waren-auf-der-party-des-ex-cdu-senators-a-392e71d3-fd60-42d6-9d62-a8a923dfae5c,Jens Kronkorken
,Peter Kurth,Benedikt Kaiser,Sommerfest auf der Terrasse,1,https://archive.is/20240125130452/https://www.spiegel.de/politik/deutschland/peter-kurth-geheimes-vernetzungstreffen-diese-rechtsextremen-waren-auf-der-party-des-ex-cdu-senators-a-392e71d3-fd60-42d6-9d62-a8a923dfae5c,Jens Kronkorken
,Peter Kurth,Maximilian Krah,Sommerfest auf der Terrasse,1,https://archive.is/20240125130452/https://www.spiegel.de/politik/deutschland/peter-kurth-geheimes-vernetzungstreffen-diese-rechtsextremen-waren-auf-der-party-des-ex-cdu-senators-a-392e71d3-fd60-42d6-9d62-a8a923dfae5c,Jens Kronkorken
,Peter Kurth,Götz Kubitschek,Sommerfest auf der Terrasse,1,https://archive.is/20240125130452/https://www.spiegel.de/politik/deutschland/peter-kurth-geheimes-vernetzungstreffen-diese-rechtsextremen-waren-auf-der-party-des-ex-cdu-senators-a-392e71d3-fd60-42d6-9d62-a8a923dfae5c,Jens Kronkorken
,Peter Kurth,Martin Sellner,Sommerfest auf der Terrasse,1,https://archive.is/20240125130452/https://www.spiegel.de/politik/deutschland/peter-kurth-geheimes-vernetzungstreffen-diese-rechtsextremen-waren-auf-der-party-des-ex-cdu-senators-a-392e71d3-fd60-42d6-9d62-a8a923dfae5c,Jens Kronkorken
,Wiebke Nahrath,Simon Kaupert,Verheiratet,4,,Simon Exner
,Götz Kubitschek,Ellen Kositza,Verheiratet,4,,Jens Kronkorken
,Dennis Hohloch,Mary Khan-Hohloch,Verheiratet,4,https://archive.is/20240125130452/https://www.spiegel.de/politik/deutschland/peter-kurth-geheimes-vernetzungstreffen-diese-rechtsextremen-waren-auf-der-party-des-ex-cdu-senators-a-392e71d3-fd60-42d6-9d62-a8a923dfae5c,Jens Kronkorken
,Björn Höcke,Torben Braga,AfD Thüringen,3,https://archive.is/20240125130452/https://www.spiegel.de/politik/deutschland/peter-kurth-geheimes-vernetzungstreffen-diese-rechtsextremen-waren-auf-der-party-des-ex-cdu-senators-a-392e71d3-fd60-42d6-9d62-a8a923dfae5c,Jens Kronkorken
,Simon Kaupert,Hans-Thomas Tillschneider,Ein Prozent e.V,2,,Simon Exner
,Simon Kaupert,Karl Albrecht Schachtschneider,Ein Prozent e.V,2,,Simon Exner
,Simon Kaupert,Jürgen Elsässer,Ein Prozent e.V,2,,Simon Exner
,Karl Albrecht Schachtschneider,Philip Stein,Ein Prozent e.V,3,,Simon Exner
,Karl Albrecht Schachtschneider,Jürgen Elsässer,Ein Prozent e.V,3,,Simon Exner
,Hans-Thomas Tillschneider,Karl Albrecht Schachtschneider,Ein Prozent e.V,3,,Simon Exner
,Hans-Thomas Tillschneider,Philip Stein,Ein Prozent e.V,3,,Simon Exner
,Hans-Thomas Tillschneider,Jürgen Elsässer,Ein Prozent e.V,3,,Jens Kronkorken
,Simon Kaupert,Philip Stein,Ein Prozent e.V,3,,Simon Exner
,Paul Klemm,Annie Hunecke,Filmkunstkollektiv (rechte Propaganda Firma),3,,Simon Exner
,Simon Kaupert,Timm Kaufmann,Filmkunstkollektiv (rechte Propaganda Firma),3,,Simon Exner
,Annie Hunecke,Timm Kaufmann,Filmkunstkollektiv (rechte Propaganda Firma),3,,Simon Exner
,Paul Klemm,Timm Kaufmann,Filmkunstkollektiv (rechte Propaganda Firma),3,,Simon Exner
,Simon Kaupert,Annie Hunecke,Filmkunstkollektiv (rechte Propaganda Firma),3,,Simon Exner
,Simon Kaupert,Paul Klemm,Filmkunstkollektiv (rechte Propaganda Firma),3,,Simon Exner
,Michael Seibold,Timm Kaufmann,Filmkunstkollektiv (rechte Propaganda Firma),3,,Simon Exner
,Michael Seibold,Annie Hunecke,Filmkunstkollektiv (rechte Propaganda Firma),3,,Simon Exner
,Michael Seibold,Paul Klemm,Filmkunstkollektiv (rechte Propaganda Firma),3,,Simon Exner
,Michael Seibold,Simon Kaupert,Filmkunstkollektiv (rechte Propaganda Firma),3,,Simon Exner
,Martin Sellner,Michael Seibold,Wanderung der IB,3,,Simon Exner
,Paul Klemm,Martin Sellner,Compact Redaktion,3,https://www.compact-online.de/author/paul-klemm/,Simon Exner
,Paul Klemm,Jürgen Elsässer,Compact Redaktion,3,,Simon Exner
,Michael Stecher,Michael Lindner,Zentrum Automobil Demo am 16 Mai 2023,3,,Simon Exner
,Michael Lindner,Christiane Schmauder,Zentrum Automobil Demo am 16 Mai 2023,3,,Simon Exner
,Michael Lindner,Michael Seibold,Zentrum Automobil Demo am 16 Mai 2023,1,,Simon Exner
,Michael Stecher,Michael Seibold,Zentrum Automobil Demo am 16 Mai 2023,1,,Simon Exner
,Michael Stecher,Christiane Schmauder,Zentrum Automobil Demo am 16 Mai 2023,3,,Simon Exner
,Michael Seibold,Christiane Schmauder,Zentrum Automobil Demo am 16 Mai 2023,1,,Simon Exner
,Maximilian Krah,Raymond Burke,Institutum Christi Regis Summi Sacerdotis,1,https://www.volksverpetzer.de/analyse/rechtsextreme-netzwerk-maximilian-krah-afd/2/,Jens Kronkorken
,Maximilian Krah,Matteo Salvini,Rom Besuch,1,https://www.facebook.com/photo.php?fbid=10215235875870823&set=pb.1251687285.-2207520000.&type=3,Jens Kronkorken
,Maximilian Krah,Stephen K. Bannon,USA Besuch,1,https://www.volksverpetzer.de/analyse/rechtsextreme-netzwerk-maximilian-krah-afd/2/,Jens Kronkorken
,Maximilian Krah,Ted Cruz,USA Besuch,1,https://www.volksverpetzer.de/analyse/rechtsextreme-netzwerk-maximilian-krah-afd/2/,Jens Kronkorken
,Maximilian Krah,Kellyanne Conway,USA Besuch,1,https://www.volksverpetzer.de/analyse/rechtsextreme-netzwerk-maximilian-krah-afd/2/,Jens Kronkorken
,Björn Höcke,Manuel Wurm,AfD Hessen,1,https://www.antifa-frankfurt.org/2023/07/05/neuer-ja-hessen-vorstand-gewaehlt/,Simon Exner
,Dominik Asch,Manuel Wurm,AfD Hessen,2,https://www.antifa-frankfurt.org/2023/07/05/neuer-ja-hessen-vorstand-gewaehlt/,Simon Exner
,Dominik Asch,Björn Höcke,AfD Hessen,2,https://www.antifa-frankfurt.org/2023/07/05/neuer-ja-hessen-vorstand-gewaehlt/,Simon Exner
,Maximilian Krah,Richard Williamson,Anwalt in Gerichtsprozess,2,https://www.volksverpetzer.de/analyse/rechtsextreme-netzwerk-maximilian-krah-afd/2/,Jens Kronkorken
,Wiebke Nahrath,Wolfram Nahrath,Nahrath-Clan,4,https://lsa-rechtsaussen.net/tag/kaupert-simon/,Simon Exner
,Wolfram Nahrath,Simon Kaupert,Nahrath-Clan,4,https://lsa-rechtsaussen.net/tag/kaupert-simon/,Simon Exner
,Thassilo Hantusch,Simon Kaupert,„Pfingstlager“ der JN in Lützellinden (Hessen) 2015,2,https://lsa-rechtsaussen.net/tag/kaupert-simon/,Simon Exner
,Andreas Kalbitz,Wolfram Nahrath,Heimattreue deutsche Jugend,2,https://de.wikipedia.org/wiki/Andreas_Kalbitz,Simon Exner
,,,,,,Jens Kronkorken