id,label,group,title,color
Wiebke Nahrath,Wiebke Nahrath,IB,Ehefrau von Simon Kaupert,#FF0000
Vincenzo Richter,Vincenzo Richter,IB,Kopf der »Identitären Bewegung« in Chemnitz. In der sächsischen Stadt eröffnete die rechtsextreme IB Ende 2023 einen Treffpunkt. In die Finanzierung der Immobilie soll Berlins Ex-CDU-Finanzsenator Kurth eingebunden gewesen sein.,#FF0000
Sebastian Zeilinger,Sebastian Zeilinger,IB,Chef der IB Bayern,#FF0000
Mario Müller,Mario Müller,IB,Wissenschaftlicher Mitarbeiter des AfD Politikers ”Jan Wenzel Schmidt” im Bundestag”,#FF0000
Martin Sellner,Martin Sellner,IB,,#FF0000
Marvin T. Neumann,Marvin T. Neumann,AFD_Mitarbeiter,"wissenschaftlicher Mitarbeiter des rechtsextremen AfD-Bundestagsabgeordneten und JA-Chefs Hannes Gnauck. Neumann war 2021 selbst kurz JA-Chef, musste aber zurücktreten, weil er derart offen rassistische Sprüche verbreitet hatte, dass die damalige AfD-Spitze Druck ausübte",#0000FF
Roland Hartwig,Roland Hartwig,AFD_Mitarbeiter,rechte Hand von AfD-Parteichefin Alice Weidel,#0000FF
Klaus Pede,Klaus Pede,WU,Besitzer eines Hotels auf Rügen und Gründungsmitglied der WerteUnion,#000000
Michaela Schneider,Michaela Schneider,WU,,#000000
Hans-Georg Maaßen,Hans-Georg Maaßen,WU,Ehemaliger Verfassungsschutz Präsident  ,#000000
Simone Baum,Simone Baum,WU,Vorstand der Werteunion NRW,#000000
Jürgen Pohl,Jürgen Pohl,AFD_Politiker,,#ADD8E6
Tino Chrupalla,Tino Chrupalla,AFD_Politiker,AfD Vorsitzender im Bundestag und Bundessprecher,#ADD8E6
Matthias Helferich,Matthias Helferich,AFD_Politiker,,#ADD8E6
Stefan Keuter,Stefan Keuter,AFD_Politiker,,#ADD8E6
Martin Reichardt,Martin Reichardt,AFD_Politiker,"Er ist seit 2017 https://de.wikipedia.org/wiki/Mitglied_des_Deutschen_Bundestages. Er ist Vorsitzender des Landesverbandes https://de.wikipedia.org/wiki/AfD_Sachsen-Anhalt,",#ADD8E6
Karsten Hilse,Karsten Hilse,AFD_Politiker,,#ADD8E6
Petr Bystron,Petr Bystron,AFD_Politiker,,#ADD8E6
Alice Weidel,Alice Weidel,AFD_Politiker,"Alice Elisabeth Weidel (* https://de.wikipedia.org/wiki/6._Februar https://de.wikipedia.org/wiki/1979 in https://de.wikipedia.org/wiki/G%C3%BCtersloh) ist eine deutsche https://de.wikipedia.org/wiki/Politiker (https://de.wikipedia.org/wiki/Alternative_f%C3%BCr_Deutschland). Bei der https://de.wikipedia.org/wiki/Bundestagswahl_2017 bildete sie mit https://de.wikipedia.org/wiki/Alexander_Gauland das https://de.wikipedia.org/wiki/Kandidat#Spitzenkandidat. Bei der https://de.wikipedia.org/wiki/Bundestagswahl_2021 kandidierte sie in gleicher Funktion gemeinsam mit https://de.wikipedia.org/wiki/Tino_Chrupalla für die https://de.wikipedia.org/wiki/Rechtspopulismus und https://de.wikipedia.org/wiki/Rechtsextremismus AfD.
Weidel war zunächst ab September 2017 gemeinsam mit Gauland und ab September 2021 gemeinsam mit Chrupalla Co-Vorsitzende der https://de.wikipedia.org/wiki/AfD-Fraktion_im_Deutschen_Bundestag. Seit Juni 2022 ist sie zudem zusammen mit Chrupalla https://de.wikipedia.org/wiki/Bundessprecher ihrer Partei. Darüber hinaus war sie von Februar 2020 bis Juli 2022 Landessprecherin der https://de.wikipedia.org/wiki/AfD_Baden-W%C3%BCrttemberg.",#ADD8E6
Gerrit Huy,Gerrit Huy,AFD_Politiker,Bundestagsabgeordnete der AfD,#ADD8E6
Svenja Mörig,Svenja Mörig,MC,Ehefrau von Thore Stein,#FFA500
Inka Mörig,Inka Mörig,MC,,#FFA500
Wiebke Mörig,Wiebke Mörig,MC,gehört der Identitären Bewegung (IB) Bayern an,#FFA500
Astrid Mörig,Astrid Mörig,MC,,#FFA500
Arne Friedrich Mörig,Arne Friedrich Mörig,MC,Mitglied “Identitäre Bewegung Hamburg”,#FFA500
Gernot Mörig,Gernot Mörig,MC,"Gernot Mörig (* https://de.wikipedia.org/wiki/23._M%C3%A4rz https://de.wikipedia.org/wiki/1954 in https://de.wikipedia.org/wiki/Braunschweighttps://de.wikipedia.org/wiki/Gernot_M%C3%B6rig#cite_note-Extrusion_Brosch%C3%BCre-1) ist ein https://de.wikipedia.org/wiki/Aktivist innerhalb der https://de.wikipedia.org/wiki/Rechtsextremismus Szene. Deutschlandweit bekannt wurde der frühere https://de.wikipedia.org/wiki/Zahnarzt als Initiator eines https://de.wikipedia.org/wiki/Treffen_von_Rechtsextremisten_in_Potsdam_2023, über das im Januar 2024 breit in den Medien berichtet wurde. In den Siebzigerjahren fungierte Mörig beim https://de.wikipedia.org/wiki/Bund_Heimattreuer_Jugend (BHJ) als Bundesführer.https://de.wikipedia.org/wiki/Gernot_M%C3%B6rig#cite_note-:0-2
https://archive.is/20240125083651/https://www.faz.net/aktuell/politik/inland/geheimtreffen-initiator-moerig-wie-wagenknechts-bekannter-jahrelang-taeuschte-19464352.html#selection-4529.346-4529.351
Sein Vater Wilhelm Mörig war bei der SA und ab 1932 Mitglied in der NSDAP",#FFA500
Hans-Thomas Tillschneider,Hans-Thomas Tillschneider,AFD_Politiker,"Hans-Thomas Tillschneider (* https://de.wikipedia.org/wiki/5._Februar https://de.wikipedia.org/wiki/1978 in https://de.wikipedia.org/wiki/Timi%C8%99oara, https://de.wikipedia.org/wiki/Rum%C3%A4nien) ist ein https://de.wikipedia.org/wiki/Rum%C3%A4niendeutsche https://de.wikipedia.org/wiki/Politiker (https://de.wikipedia.org/wiki/Alternative_f%C3%BCr_Deutschland). Seit März 2016 ist er Abgeordneter im https://de.wikipedia.org/wiki/Landtag_von_Sachsen-Anhalt und kulturpolitischer Sprecher der AfD-Landtagsfraktion.https://de.wikipedia.org/wiki/Hans-Thomas_Tillschneider#cite_note-1https://de.wikipedia.org/wiki/Hans-Thomas_Tillschneider#cite_note-2https://de.wikipedia.org/wiki/Hans-Thomas_Tillschneider#cite_note-3 Er ist seit 2020 stellvertretender Landesvorsitzender der AfD Sachsen-Anhalthttps://de.wikipedia.org/wiki/Hans-Thomas_Tillschneider#cite_note-4 und seit 2021 auch 2. stellvertretender Vorsitzender der AfD-Fraktion im Landtag von Sachsen-Anhalt.https://de.wikipedia.org/wiki/Hans-Thomas_Tillschneider#cite_note-5 Tillschneider gilt als Akteur des rechtsextremen Flügels seiner Partei und war Sprecher der inzwischen aufgelösten https://de.wikipedia.org/wiki/Patriotische_Plattform der AfD. Tillschneider hat enge Kontakte zur https://de.wikipedia.org/wiki/Rechtsextremismus https://de.wikipedia.org/wiki/Identit%C3%A4re_Bewegunghttps://de.wikipedia.org/wiki/Hans-Thomas_Tillschneider#cite_note-6 und ist Mitbegründer des IB-nahen Kampagnennetzwerks https://de.wikipedia.org/wiki/Ein_Prozent_f%C3%BCr_unser_Land. Er kooperiert eng mit dem https://de.wikipedia.org/wiki/Institut_f%C3%BCr_Staatspolitik und dem Monatsmagazin https://de.wikipedia.org/wiki/Compact_(Magazin), die beide auch an Ein Prozent beteiligt sind.https://de.wikipedia.org/wiki/Hans-Thomas_Tillschneider#cite_note-7https://de.wikipedia.org/wiki/Hans-Thomas_Tillschneider#cite_note-8https://de.wikipedia.org/wiki/Hans-Thomas_Tillschneider#cite_note-9 Entsprechend wird er der „https://de.wikipedia.org/wiki/Neue_Rechte“ zugeordnet. Am 13. Februar 2020 wurde bekannt, dass er – neben https://de.wikipedia.org/wiki/Bj%C3%B6rn_H%C3%B6cke und https://de.wikipedia.org/wiki/Andreas_Kalbitz – seit Jahresbeginn vom https://de.wikipedia.org/wiki/Bundesamt_f%C3%BCr_Verfassungsschutz beobachtet wird.https://de.wikipedia.org/wiki/Hans-Thomas_Tillschneider#cite_note-10",#ADD8E6
Ulrich Siegmund,Ulrich Siegmund,AFD_Politiker,ehemaliger Vorsitzender des Sozialausschusses des Landtags S-A Landesfraktion Sachsen-Anhalt,#ADD8E6
Mary Khan-Hohloch,Mary Khan-Hohloch,AFD_Politiker,"Europawahlkandidatin der AfD aus Brandenburg und früher Vorstandsmitglied der rechtsextremen Jungen Alternative (JA). Wegen Falschangaben in ihrem Lebenslauf sprach sich die AfD-Bundesspitze kürzlich für eine zweijährige parteiinterne Ämtersperre aus. Khan-Hohloch unterstützt ein identitäres Projekt, das sich an Frauen richtet.",#ADD8E6
Dennis Hohloch,Dennis Hohloch,AFD_Politiker,"Politische Laufbahn
• 2011 bis 2013 Mitglied der SPD
• Seit 2014 Mitglied der AfD
• Seit 2014 Mitglied der Jungen Alternative für Deutschland
• Seit 2015 Landesvorsitzender der Jungen Alternative für Brandenburg
• Seit 2019 Beisitzer im Landesvorstand der AfD Brandenburg
• Seit 2019 Beisitzer im Kreisvorstand der AfD Potsdam
• Seit 2014 Mitglied der Stadtverordnetenversammlung Potsdam
• 2015 bis 2019 Fraktionsvorsitzender der AfD in der Stadtverordnetenversammlung Potsdam
• Seit September 2019 Mitglied des Landtages Brandenburg
• Seit Oktober 2019 Parlamentarischer Geschäftsführer der AfD-Fraktion",#ADD8E6
Oliver Kirchner,Oliver Kirchner,AFD_Politiker,Oliver Kirchner ist ein deutscher Politiker. Seit 2016 ist er Mitglied des Landtages von Sachsen-Anhalt. Seit Ende März 2018 ist er Fraktionsvorsitzender und Oppositionsführer; seit August 2022 ist er dies gemeinsam mit Ulrich Siegmund. Er war der Spitzenkandidat der AfD für die Landtagswahl in Sachsen-Anhalt 2021.,#ADD8E6
Anton Baron,Anton Baron,AFD_Politiker,"Anton Baron (* https://de.wikipedia.org/wiki/3._November https://de.wikipedia.org/wiki/1987 in https://de.wikipedia.org/wiki/Taras_(Kasachstan), https://de.wikipedia.org/wiki/Kasachische_Sozialistische_Sowjetrepublik, https://de.wikipedia.org/wiki/Sowjetunionhttps://de.wikipedia.org/wiki/Anton_Baron#cite_note-Abgeordnetenprofil-1) ist ein https://de.wikipedia.org/wiki/Deutschland https://de.wikipedia.org/wiki/Politiker (https://de.wikipedia.org/wiki/Alternative_f%C3%BCr_Deutschland). Er ist seit 2016 https://de.wikipedia.org/wiki/Landtagsabgeordneter seiner Partei für den https://de.wikipedia.org/wiki/Landtagswahlkreis_Hohenlohe im https://de.wikipedia.org/wiki/Landtag_von_Baden-W%C3%BCrttemberg und seit Januar 2023 Vorsitzender der dortigen AfD-Fraktion. Baron geriet 2016 wegen der Vergangenheit seines Mitarbeiters Dietmar-Dominik Hennig in die Kritik.https://de.wikipedia.org/wiki/Anton_Baron#cite_note-Stern-12https://de.wikipedia.org/wiki/Anton_Baron#cite_note-SWR-13 Hennig war laut https://de.wikipedia.org/wiki/Stern_(Zeitschrift) und https://de.wikipedia.org/wiki/S%C3%BCdwestrundfunk Mitglied des „Cannstatter Kreises“,https://de.wikipedia.org/wiki/Anton_Baron#cite_note-Sternwarten-14https://de.wikipedia.org/wiki/Anton_Baron#cite_note-15 der vom https://de.wikipedia.org/wiki/Landesamt_f%C3%BCr_Verfassungsschutz_Baden-W%C3%BCrttemberg als https://de.wikipedia.org/wiki/Rechtsextremismus Vereinigung beobachtet wurde.https://de.wikipedia.org/wiki/Anton_Baron#cite_note-SWR-13https://de.wikipedia.org/wiki/Anton_Baron#cite_note-Stern-12 Bereits 1994 formierte sich in Stuttgart nach einem Auftritt des österreichischen Rechtspopulisten https://de.wikipedia.org/wiki/J%C3%B6rg_Haider bei der örtlichen FDP ein „Cannstatter Kreis“. Der Verfassungsschutz stufte den Kreis später als „Plattform“ ein, „um sich im rechtsextremistischen Lager über alle Grenzen hinweg zusammenzuschließen“"".https://de.wikipedia.org/wiki/Anton_Baron#cite_note-16 Hennig soll außerdem Regionalsprecher der rechtsextremen „Deutschland-Bewegung“ gewesen sein.https://de.wikipedia.org/wiki/Anton_Baron#cite_note-Stern-12",#ADD8E6
Udo Stein,Udo Stein,AFD_Politiker,"Udo Stein ist ein deutscher Politiker der Alternative für Deutschland. Seit 2016 ist er Abgeordneter im Landtag von Baden-Württemberg. Bundesweite Bekanntheit erlangte er durch staatsanwaltliche Ermittlungen, die gegen ihn eingeleitet wurden. In der Landtagsdebatte um den Ausschluss des AfD-Landtagsabgeordneten https://de.wikipedia.org/wiki/Wolfgang_Gedeon stand er für einen Zwischenruf stark in der Kritik. Er äußerte sich wie folgt: „Hier ist das Urteil schon gesprochen! Das ist schlimmer als in der Nazizeit.“https://de.wikipedia.org/wiki/Udo_Stein#cite_note-6 Im Folgenden entschuldigte er sich öffentlich dafür.
In einem Stuttgarter Eros-Center gab er sich als Polizeibeamter aus, machte einer Prostituierten einen Heiratsantrag und hantierte mit Waffen.https://de.wikipedia.org/wiki/Udo_Stein#cite_note-7
Seit Juni 2023 befindet sich Stein in einer psychiatrischen Klinik in Behandlung, da er in einer Bar mehrere Personen mit einer Softair-Waffe bedroht haben soll.https://de.wikipedia.org/wiki/Udo_Stein#cite_note-8 Gegen Stein wurde seitens der Stuttgarter Staatsanwaltschaft ein Ermittlungsverfahren wegen Hausfriedensbruch, Verstoß gegen das Waffengesetz und versuchter Körperverletzung eingeleitet. Da in Steins Büro ein Messer sowie Munition gefunden worden war, hat das Präsidium des baden-württembergischen Landtags angeordnet, dass er die Gebäude des Landtags nur nach vorheriger Sicherheitskontrolle betreten darf.",#ADD8E6
Wilhelm Wilderink,Wilhelm Wilderink,CDU_Politiker,Besitzer des Gasthof Adlon und Gastgeber des Geheimtreffens,
Maximilian Krah,Maximilian Krah,AFD_Politiker,,#ADD8E6
Mathilda Huss,Mathilda Huss,PP,Besitzer des Gasthof Adlon und Gastgeber des Geheimtreffens,
Hannes Gnauck,Hannes Gnauck,AFD_Politiker,https://de.wikipedia.org/wiki/Deutschland https://de.wikipedia.org/wiki/Rechtsextremismus und https://de.wikipedia.org/wiki/Politiker (https://de.wikipedia.org/wiki/Alternative_f%C3%BCr_Deutschland). Seit 2021 ist er https://de.wikipedia.org/wiki/Mitglied_des_Deutschen_Bundestages und seit 15. Oktober 2022 Bundesvorsitzender der https://de.wikipedia.org/wiki/Junge_Alternative_f%C3%BCr_Deutschland,#ADD8E6
Dominik Asch,Dominik Asch,AFD_Politiker,,#ADD8E6
Steffen Degler,Steffen Degler,AFD_Politiker,https://afdstuttgart.de/wp-content/uploads/2021/02/flyer-degler.pdf,#ADD8E6
Nils Hartwig,Nils Hartwig,AFD_Politiker,Vorsitzender der JA NRW,#ADD8E6
Erik Lehnert,Erik Lehnert,IfS,deutscher https://de.wikipedia.org/wiki/Publizist und Referent bei der https://de.wikipedia.org/wiki/Alternative_f%C3%BCr_Deutschland-Fraktion im https://de.wikipedia.org/wiki/Landtag_Brandenburg. Seit 2008 Geschäftsführer des https://de.wikipedia.org/wiki/Neue_Rechte https://de.wikipedia.org/wiki/Institut_f%C3%BCr_Staatspolitik,#808080
Martin Lichtmesz,Martin Lichtmesz,,"in Abwandlung seines bürgerlichen Namens Martin Semlitsch
https://de.wikipedia.org/wiki/%C3%96sterreich https://de.wikipedia.org/wiki/Publizist, https://de.wikipedia.org/wiki/%C3%9Cbersetzer und Aktivist der https://de.wikipedia.org/wiki/Neue_Rechte
Autor im Institut für Staatspolitik und dem Verlag Antaios, sowie der neurechten Zeitschrift https://de.wikipedia.org/wiki/Sezession_(Zeitschrift)",
Götz Kubitschek,Götz Kubitschek,IfS,"Der ehemalige Soldat – ehemalig, weil er aufgrund seiner rechtsextremen Bestrebungen entlassen wurde – ist nicht nur regelmäßiger Redner auf Pegida-Veranstaltungen, sondern Inhaber des rechtsextremen Verlags „Antaios“, der Zeitschrift „Sezession“ und Mitbegründer des extrem rechten Thinktanks „Institut für Staatspolitik (IfS)“. Außerdem half er zusammen mit Martin Sellner, die https://www.volksverpetzer.de/schwer-verpetzt/id-extrem/ in Deutschland zu verankern und ist Mitinitiator der Internetseite „EinProzent“, welche die rechtsextreme Szene in Deutschland mit Spendengeldern versorgt.",#808080
Oliver Flesch,Oliver Flesch,PP,"Oliver Flesch (* https://de.wikipedia.org/wiki/24._Juni https://de.wikipedia.org/wiki/1969 in https://de.wikipedia.org/wiki/Hamburg) ist ein https://de.wikipedia.org/wiki/Deutschland auf https://de.wikipedia.org/wiki/Mallorca lebender https://de.wikipedia.org/wiki/YouTuber, https://de.wikipedia.org/wiki/Blogger, https://de.wikipedia.org/wiki/Buchautor und politischer https://de.wikipedia.org/wiki/Cyberaktivismus, der der https://de.wikipedia.org/wiki/Politische_Rechte_(Politik) zugeordnet wird",
Björn Höcke,Björn Höcke,AFD_Politiker,"Björn Höcke (* https://de.wikipedia.org/wiki/1._April https://de.wikipedia.org/wiki/1972 in https://de.wikipedia.org/wiki/L%C3%BCnen) ist ein https://de.wikipedia.org/wiki/Rechtsextremismus_in_der_Bundesrepublik_Deutschland https://de.wikipedia.org/wiki/Deutschland Politiker (https://de.wikipedia.org/wiki/Alternative_f%C3%BCr_Deutschland).
Seit 2014 ist er Vorsitzender der AfD-Fraktion im https://de.wikipedia.org/wiki/Th%C3%BCringer_Landtag. Im März 2015 war er Mitbegründer der rechtsextremen parteiinternen Gruppe https://de.wikipedia.org/wiki/Der_Fl%C3%BCgel. Auch nach deren formeller Auflösung gilt Höcke wegen seiner guten Vernetzung als bundesweit einflussreichster Politiker in der AfD. Er vertritt Konzepte der https://de.wikipedia.org/wiki/Neue_Rechte und strebt ein Bündnis https://de.wikipedia.org/wiki/Nationalismus#Ultranationalismus Gruppen zur ethnischen Homogenisierung https://de.wikipedia.org/wiki/Deutschland und https://de.wikipedia.org/wiki/Europa an.
https://de.wikipedia.org/wiki/Sozialwissenschaften und Historiker stellen in Höckes Äußerungen https://de.wikipedia.org/wiki/Faschismus, https://de.wikipedia.org/wiki/Rassismus, https://de.wikipedia.org/wiki/Geschichtsrevisionismus, https://de.wikipedia.org/wiki/Geschichte_des_Antisemitismus_seit_1945 sowie Ideen und https://de.wikipedia.org/wiki/Sprache_des_Nationalsozialismus fest. Das https://de.wikipedia.org/wiki/Bundesamt_f%C3%BCr_Verfassungsschutz (BfV) stuft Höcke als Rechtsextremisten ein und überwacht ihn seit Anfang 2020.",#ADD8E6
David Bendels,David Bendels,AFD_Politiker,Chefredakteur des Deutschland-Kuriers,#ADD8E6
Carlo Clemens,Carlo Clemens,AFD_Politiker,"Geboren am 3. September 1989 in Bamberg; verheiratet.
Mittlere Reife 2006, Abitur 2009. Freiwilliges Soziales Jahr 2009 bis 2010. 2010 bis 2017 Studium der Fächer Geschichte, Deutsch und Erziehungswissenschaften an der Universität zu Köln. 2014 Studium an der Université Paris 1 Panthéon-Sorbonne. Erstes Staatsexamen 2017. Seit 2008 freie journalistische Tätigkeiten. 2018 bis 2022 wissenschaftlicher Mitarbeiter.
Mitglied der AfD seit 2013. 2013 und 2015 bis 2017 Beisitzer und Pressesprecher des AfD-Kreisverbandes Köln. 2014 bis 2017 Vorsitzender der Jungen Alternative Bezirksverband Köln. 2017 bis 2021 Landesvorsitzender der Jungen Alternative NRW. 2019 bis 2021 Beisitzer und Pressesprecher des AfD-Kreisverbandes Rheinisch-Bergischer Kreis. Seit 2021 Bundesvorsitzender der Jungen Alternative für Deutschland. 2020 bis 2022 Mitglied im Rat der Stadt Bergisch Gladbach.
Abgeordneter des Landtags Nordrhein-Westfalen seit 1. Juni 2022.
",#ADD8E6
Hans-Christoph Berndt,Hans-Christoph Berndt,AFD_Politiker,Fraktionsvorsitzender der AfD im brandenburgischen Landtag und in dieser Eigenschaft auch Oppositionsführer im Landtag,#ADD8E6
Tim Krause,Tim Krause,AFD_Politiker,Pressesprecher AfD Fraktion Brandenburg,#ADD8E6
Peter Feist,Peter Feist,Journalist,Peter Feist ist ein deutscher Verfasser von Reiseführern für den Kai Homilius Verlag und war langjähriger Autor des Querfront-Magazins Compact.,
Jürgen Elsässer,Jürgen Elsässer,Journalist,"Jürgen Rainer Elsässer (* https://de.wikipedia.org/wiki/20._Januar https://de.wikipedia.org/wiki/1957 in https://de.wikipedia.org/wiki/Pforzheim) ist ein https://de.wikipedia.org/wiki/Deutschland https://de.wikipedia.org/wiki/Journalist, https://de.wikipedia.org/wiki/Publizist und https://de.wikipedia.org/wiki/Aktivist, der als Gründer und Chefredakteur des Monatsmagazins https://de.wikipedia.org/wiki/Compact_(Magazin), als Mitgründer des https://de.wikipedia.org/wiki/Rechtsextremismus Kampagnennetzwerks https://de.wikipedia.org/wiki/Ein_Prozent, als enger Kooperationspartner von https://de.wikipedia.org/wiki/G%C3%B6tz_Kubitschek (https://de.wikipedia.org/wiki/Institut_f%C3%BCr_Staatspolitik, https://de.wikipedia.org/wiki/Verlag_Antaios) und https://de.wikipedia.org/wiki/Hans-Thomas_Tillschneider (https://de.wikipedia.org/wiki/Alternative_f%C3%BCr_Deutschland) und als Kooperationspartner des https://de.wikipedia.org/wiki/Russland https://de.wikipedia.org/wiki/Institut_f%C3%BCr_Demokratie_und_Zusammenarbeit im rechtsextremen Spektrum aktiv ist.",
Ulrich Vosgerau,Ulrich Vosgerau,CDU_Politiker,deutscher Jurist und Privatdozent an der Universität zu Köln,
Silke Schröder,Silke Schröder,PP,,
Henning Pless,Henning Pless,PP,rechtsextremer Heilpraktiker und Esoteriker,
Nikolaus Kramer,Nikolaus Kramer,AFD_Politiker,Nikolaus Kramer ist ein deutscher Politiker. Seit 2016 ist er Abgeordneter des Landtags von Mecklenburg-Vorpommern. Seit Oktober 2017 ist er Fraktionsvorsitzender seiner Partei und somit Oppositionsführer im Landtag. Bekannt wurde er unter anderem durch rassistische und frauenfeindliche Äußerungen.,#ADD8E6
Thore Stein,Thore Stein,AFD_Politiker,"
deutscher Politiker (https://de.wikipedia.org/wiki/AfD). Er ist Mitglied des Kreistags https://de.wikipedia.org/wiki/Landkreis_Ludwigslust-Parchimhttps://de.wikipedia.org/wiki/Thore_Stein#cite_note-1 und ist dort Fraktionsvorsitzender seiner Partei, sowie seit der https://de.wikipedia.org/wiki/Landtagswahl_in_Mecklenburg-Vorpommern_2021 Abgeordneter des https://de.wikipedia.org/wiki/Landtag_Mecklenburg-Vorpommern in https://de.wikipedia.org/wiki/Mecklenburg-Vorpommern.https://de.wikipedia.org/wiki/Thore_Stein#cite_note-2 Er ist Mitglied im Bundesvorstand der https://de.wikipedia.org/wiki/Desiderius-Erasmus-Stiftung",#ADD8E6
Michael Seibold,Michael Seibold,IB,"Michael Seibold, geboren am 31.08.1999, ist wohnhaft in der Moserstraße 18 in Stuttgart u.a. gemeinsam mit dem ehemaligen IB-Nazi: Anderson Gama (2)
Michael Seibold ist ein seit Jahren aktiver Fascho der Identitären Bewegung:
schon 2018 nahm er an rechten Großaufmärschen in Kandel teil und instrumentalisierte den Mord an einer Jugendliche https://de.indymedia.org/sites/default/files/2021/01/kandel-broschuere-online.pdf und beteiligte sich in Stuttgart-Feuerbach an Protesten gegen den Bau einer Moschee. Mit der IB reiste er nach Halle zum gefloppten Sommerfest (3), zeigte Präsenz bei IB-Zonen in Baden Württemberg (4) und nahm an Aktivistenlagern (5 & 6) teil.",#FF0000
Sarah Wagenknecht,Sarah Wagenknecht,BSW,deutsche Politikerin und Publizistin,
Stephen K. Bannon,Stephen K. Bannon,PP,"Stephen Kevin „Steve“ Bannon ist ein US-amerikanischer Publizist, Filmproduzent und politischer Berater. Er leitete von 2012 bis August 2016 und von August 2017 bis Anfang 2018 die als rechtspopulistisch bis rechtsradikal eingestufte Website Breitbart News Network",
Max Otte,Max Otte,PP,"
Otte war Bundesvorsitzender des Vereins „https://de.wikipedia.org/wiki/Werteunion#Werteunion_e.V._%E2%80%93_F%C3%B6rderverein_der_Partei_Werteunion“.
 Einer breiten Öffentlichkeit wurde er durch Publikationen und 
Voraussagen zur Finanzkrise sowie anschließender Medienpräsenz bekannt, 
zudem auch durch die https://de.wikipedia.org/wiki/Wahl_des_deutschen_Bundespr%C3%A4sidenten_2022 als Kandidat der https://de.wikipedia.org/wiki/Alternative_f%C3%BCr_Deutschland.


",
Volker Pispers,Volker Pispers,PP,deutscher Kabarettist,
Jeremy Fragrance,Jeremy Fragrance,PP,,
Manuel Wurm,Manuel Wurm,AFD_Politiker,"Ein Gericht stuft die Junge Alternative als rechtsextrem ein. Der Offenbacher Stadtverordnete Manuel Wurm sitzt im Bundesvorstand - und nimmt den AfD-Nachwuchs in Schutz.
Offenbach – Die Jugendorganisation der AfD ist mit einem Eilantrag vor dem Verwaltungsgericht Köln gescheitert. Demzufolge darf die Junge Alternative (JA) vom Bundesamt für Verfassungsschutz als „gesichert extremistische Bestrebung“ eingestuft und behandelt werden.",#ADD8E6
Andreas Kalbitz,Andreas Kalbitz,IB,https://de.wikipedia.org/wiki/Andreas_Kalbitz,#FF0000
Peter Kurth,Peter Kurth,PP,"
früherer deutscher https://de.wikipedia.org/wiki/Politiker (parteilos, vormals https://de.wikipedia.org/wiki/Christlich_Demokratische_Union_Deutschlands) und https://de.wikipedia.org/wiki/Lobbyismus

Zwischen 2006 und 2008 war Vizepräsident des https://de.wikipedia.org/wiki/Bundesverband_der_Deutschen_Entsorgungs-,_Wasser-_und_Rohstoffwirtschaft (BDE)

",
Vera Lengsfeld,Vera Lengsfeld,PP,https://de.wikipedia.org/wiki/Deutschland https://de.wikipedia.org/wiki/Publizist und frühere https://de.wikipedia.org/wiki/Politiker,
Thilo Sarrazin,Thilo Sarrazin,PP,"https://de.wikipedia.org/wiki/Deutschland https://de.wikipedia.org/wiki/Volkswirtschaft, https://de.wikipedia.org/wiki/Autor und https://de.wikipedia.org/wiki/Politiker (parteilos, zuvor https://de.wikipedia.org/wiki/SPD). 

Schrieb “Deutschland schafft sich ab”",
Jörg Meuthen,Jörg Meuthen,PP,"https://de.wikipedia.org/wiki/Rechtspopulist https://de.wikipedia.org/wiki/Deutschland https://de.wikipedia.org/wiki/Politiker (https://de.wikipedia.org/wiki/Parteiloser; zuvor https://de.wikipedia.org/wiki/Alternative_f%C3%BCr_Deutschland, https://de.wikipedia.org/wiki/Deutsche_Zentrumspartei) und https://de.wikipedia.org/wiki/Wirtschaftswissenschaftler",
Benedikt Kaiser,Benedikt Kaiser,IB,ehemaliger Neonazi und heute umtriebiger identitärer Publizist sowie Mitarbeiter des AfD-Bundestagsabgeordneten Jürgen Pohl,#FF0000
Ellen Kositza,Ellen Kositza,IB,Frau von Götz Kubitschek,#FF0000
Timm Kaufmann,Timm Kaufmann,IB,"Ist Waffennaar, Teil der IB, Produziert Filme für das Filmkunstkollektiv und ist mit Norman Knauthe (AfD) Kickboxer

https://www.addn.me/nazis/bewaffnete-identitaere-wollen-in-stadtraete/",#FF0000
Annie Hunecke,Annie Hunecke,IB,"Annie Hunecke ist wahrscheinlich die bekannteste Aktivistin der http://antifaaux.blackblogs.org/2019/11/veroeffentlichung-identitaere-bewegung/ bzw. München.
Sie ist Erste-Reihe-Aktivistin, war eine von zwei Frauen der Augsburger Ortsgruppe und zählte zur Kerngruppe.
Hunecke ist am 13.08.1999 in Ravensburg geboren. Ihren Realschulabschluss machte sie in München an einer Montessori-Schule. Hunecke ist als geringfügig Beschäftigte Schulbegleiterin tätig.
Erstmals trat sie im Januar 2016 bei den Identitären in München in Erscheinung. Von Anfang 2016 bis April 2018 wurden alle Artikel auf der IB Bayern Internetseite unter ihrem Namen veröffentlicht.
Mitte 2018 zog sie dann mit Ihrer Mutter nach Augsburg-Oberhausen. Sofort engagierte sie sich aktiv in der Augsburger Ortsgruppe und wurde Teil der Kerngruppe. Ihren ersten öffentlichen Auftritt in Augsburg hatte sie Ende Oktober 2018 bei einem Infostand der Identitären am Königsplatz in Augsburg.
Auch an der Aktion am Grünen Büro in Donauwörth, war Hunecke beteiligt. Bei dieser Aktion klebten die Augsburger Identitären, Robin Mengele, Tatjana Klug, Philipp-Amadeus Tremer und Annie Hunecke, von ihnen gefälschte Plakate mit hetzerischer Aufschrift an die Scheiben des Büros. Die Aktion sorgte damals Bundesweit für Aufsehen.
Hunecke ist eine der beiden Aktivist*innen, die am 13. Juni 2019 morgens Besuch der Polizei bekamen. Grund der Durchsuchung, ist der Vorwurf der Volksverhetzung. Hunecke und eine weitere Aktivistin lagen bei einer Aktion mit Kunstblut beschmiert vor einer Außenstelle des ANKER-Zentrums auf dem Boden, während Philipp-Amadeus Tremer und Marco Wagner ein Banner hielten. Der Vorwurf der Volksverhetzung ergibt sich für die Behörden aus einem Schild das vor ihnen auf dem Boden lag und die Aufschrift „Opfer von Multikulti“ trug.
Nach der Hausdurchsuchung wurde Hunecke von ihrer Mutter vor die Tür gesetzt.
Zum Schutz der Mutter und auf Grund ihres Handelns, getreu nach dem Motto „Nazis raus“, werden wir keine näheren familiären Informationen veröffentlichen.
Nachdem Hunecke ihr Kinderzimmer bei der Mutter verlassen musste, zog sie wieder nach München. Dort wohnt sie bei ihrem aktuellen Freund Philipp Mosig, in der Augustenstraße 70. Mosig zählt zum Kern der Münchner Identitären Gruppe und gilt als Führungsperson. Die Beziehung der beiden sorgte Anfangs für viel internen Ärger.
 
Kurzzeitig verfolgten die Identitären den Plan einen neuen Youtube Kanal mit Hunecke ins Leben zu rufen. Die Idee dazu stammte vmtl. von Martin Sellner höchst persönlich. Doch daraus wurde nie etwas.
ANSCHRIFT:
Annie Hunecke (13.08.1999)
Augustenstraße 70, München
(zusammen mit Neonazi Phillipp Mosig)
KONTAKT:
• 0157 80406889 (beschlagnahmt)
• 0163 9234760 (aktuell)
• Mail: anniehunecke@yahoo.com
 
BERUF:
• Realschulabschluss (Montessori-Schule München)
• geringfügige Beschäftigung als Schulbegleiterin
SOCIAL MEDIA:
• Instagram: anniehunecke",#FF0000
Paul Klemm,Paul Klemm,IB,"Paul Klemm ist Autor bei Compact und teil des Rechten Mediateams Kunstkollektiv: 

https://www.compact-online.de/author/paul-klemm/

Er ist ein absoluter Nazi!",#FF0000
Simon Kaupert,Simon Kaupert,IB,"Hat das Filmkunstkollektiv gegründet. Dreht rechte Propaganda, wichtiger teil der IB, Gründer des Vereins Ein Prozent

https://www.zeit.de/politik/deutschland/2017-09/afd-wahlkampf-identitaere-bewegung-ein-prozent-wahlkampfhilfe/seite-2

https://www.filmkunstkollektiv.de/#team


https://lsa-rechtsaussen.net/tag/kaupert-simon/


https://de.wikipedia.org/wiki/Ein_Prozent",#FF0000
Karl Albrecht Schachtschneider,Karl Albrecht Schachtschneider,IB,"Karl Albrecht Schachtschneider (* https://de.wikipedia.org/wiki/11._Juli https://de.wikipedia.org/wiki/1940 in https://de.wikipedia.org/wiki/Sitno_(Szczecinek), https://de.wikipedia.org/wiki/Provinz_Pommern) ist ein https://de.wikipedia.org/wiki/Deutschland https://de.wikipedia.org/wiki/Staatsrechtslehrer, der im Spektrum der https://de.wikipedia.org/wiki/Neue_Rechte aktiv ist. Er war bis zu seiner https://de.wikipedia.org/wiki/Emeritierung im Jahr 2005 https://de.wikipedia.org/wiki/Professor für https://de.wikipedia.org/wiki/%C3%96ffentliches_Recht an der https://de.wikipedia.org/wiki/Universit%C3%A4t_Erlangen-N%C3%BCrnberg. Er ist Mitglied im Kuratorium der https://de.wikipedia.org/wiki/AfD-nahen https://de.wikipedia.org/wiki/Desiderius-Erasmus-Stiftung und wird zum inneren Kreis des https://de.wikipedia.org/wiki/Neue_Rechte Kampagnenprojekts https://de.wikipedia.org/wiki/Ein_Prozent gezählt.",#FF0000
Philip Stein,Philip Stein,IB,"Chef des vom Verfassungsschutz beobachteten Vereins »Ein Prozent«, der identitäre Projekte fördert und so eine »Gegenkultur« aufbauen will, um die AfD und ihren Rechtsextremismus weiter scheinbar zu normalisieren. Stein gilt als Netzwerker innerhalb der Neuen Rechten und betreibt unter anderem den Verlag Jungeuropa.",#FF0000
Kristin Brinker,Kristin Brinker,AFD_Politiker,"
seit 2016 ist Brinker https://de.wikipedia.org/wiki/Abgeordneter im https://de.wikipedia.org/wiki/Abgeordnetenhaus_von_Berlin. Seit März 2021 ist sie Landesvorsitzende der https://de.wikipedia.org/wiki/AfD_Berlin.

",#ADD8E6
Torben Braga,Torben Braga,AFD_Politiker,Parlamentarischer Geschäftsführer der AfD-Landtagsfraktion in Thüringen und damit rechte Hand des Vorsitzenden Björn Höcke,#ADD8E6
Jean-Pascal Hohm,Jean-Pascal Hohm,AFD_Politiker,"Kreisvorsitzender der AfD in Cottbus. Er wird dem rechtsextremen Teil der Partei zugerechnet. Im Netz vermarktet er aktuell einen Jahreskalender mit den »schönsten Abschiebefliegern«, der »jeden Freund einer konsequenten Remigrationspolitik zum Schmunzeln« bringe",#ADD8E6
Dominik Kaufner,Dominik Kaufner,AFD_Politiker,Kreisvorsitzender der AfD im Havelland (Brandenburg). 2021 kandidierte der Gymnasiallehrer erfolglos für den Bundestag.,#ADD8E6
Michael Lindner,Michael Lindner,ZA,"Michael Lindner war fur Zentrum Automobil
Listenkandidat 2 bei den Betriebsratswahlen 2018
bei Daimler i n Sindelfingen.",
Michael Stecher,Michael Stecher,ZA,"stellv. Vorsitzende des Zentrum Automobil Mit Michael Stecher drehte Chrissy bereits im Vorfeld
der Kundgebung erste Videos zur Mobilisierung
und nutze die Offentlichkeit des Anti-Antifa-Aktivisten
und rechten Pseudo-Journalisten.",
Christiane Schmauder,Christiane Schmauder,ZA,"Christiane Schmauder ist die Ex-Frau des von Daimler
gekundigten Rassisten Joachim Schmauder und aktuelle
Lebensgefahrtin des Hauptgeschadigten Andreas Ziegler.
Zwei Daimler Mitarbeiter u.a. Schmauder beleidigte
einen Kollegen mehrfach rassistisch, weshalb sie gekundigt
wurden. Gemeinsam mit Zentrum Automobil gingen
sie juristisch gegen die Kundigung vor, verloren aber den
Prozess.

https://de.indymedia.org/sites/default/files/2021/05/Zentrum%20Automobil%20und%20die%20faschistische%20Rechte.pdf",
Raymond Burke,Raymond Burke,VA,"Kardinal, der oft als de facto Führer des konservativen Flügels im Vatikan angesehen wird",
Matteo Salvini,Matteo Salvini,IT,https://de.wikipedia.org/wiki/Italien https://de.wikipedia.org/wiki/Politiker und https://de.wikipedia.org/wiki/Parteivorsitzender der https://de.wikipedia.org/wiki/Lega_Nord sowie Mitglied des https://de.wikipedia.org/wiki/Senato_della_Repubblica,
Ted Cruz,Ted Cruz,USA,Rafael Edward „Ted“ Cruz ist ein US-amerikanischer Politiker der Republikanischen Partei. Seit 2013 gehört Cruz dem Senat der Vereinigten Staaten für den Bundesstaat Texas an. Für die Präsidentschaftswahl 2016 bewarb er sich um die Nominierung seiner Partei,
Kellyanne Conway,Kellyanne Conway,USA,"Kellyanne Elizabeth Conway ist eine US-amerikanische Juristin und Meinungsforscherin. Bekannt wurde sie als republikanische Wahlkampfstrategin. Bei der Präsidentschaftswahl in den Vereinigten Staaten 2016 war sie zunächst im Team von Ted Cruz, danach wurde sie Wahlkampfmanagerin von Donald Trump",
Richard Williamson,Richard Williamson,VA,Bischof und notorischer Holocaust-Leugner,
Erika Steinbach,Erika Steinbach,DES,"1990 bis 2017 war sie https://de.wikipedia.org/wiki/Mitglied_des_Deutschen_Bundestages (CDU)
Seit 2018 Vorsitzende der Desiderius Erasmus Stiftung
Seit 2022 AfD-Mitglied",
Wolfram Nahrath,Wolfram Nahrath,NPD,"Wolfram Nahrath (* https://de.wikipedia.org/wiki/1962) ist ein deutscher https://de.wikipedia.org/wiki/Neonazi-https://de.wikipedia.org/wiki/Kader und https://de.wikipedia.org/wiki/Rechtsanwalt. Er war bis zu ihrem Verbot 1994https://de.wikipedia.org/wiki/Wolfram_Nahrath#cite_note-1 Vorsitzender der https://de.wikipedia.org/wiki/Wiking-Jugend, war anschließend für die https://de.wikipedia.org/wiki/Heimattreue_Deutsche_Jugend tätig und Funktionär der https://de.wikipedia.org/wiki/Rechtsextreme https://de.wikipedia.org/wiki/Nationaldemokratische_Partei_Deutschlands (NPD).",
Thassilo Hantusch,Thassilo Hantusch,NPD,"Die Familie Zutt/Hantusch im Lahn-Dill-Kreis7,7 Prozent der abgegebenen Stimmen errang die NPD bei der hessischen Kommunalwahl 2016 in der Stadt Wetzlar im Lahn-Dill-Kreis. Teil der fünfköpfigen NPD-Fraktion im dortigen Stadtrat wird Thassilo Hantusch sein. Bereits drei Generationen seiner Familie sind eng mit der Partei verbunden.
7,7 Prozent der abgegebenen Stimmen errang die NPD bei der hessischen Kommunalwahl 2016 in der Stadt Wetzlar im Lahn-Dill-Kreis. Teil der fünfköpfigen NPD-Fraktion im dortigen Stadtrat wird Thassilo Hantusch sein. Bereits drei Generationen seiner Familie sind eng mit der Partei verbunden.
Kurz vor der Kommunalwahl, im Februar 2016, erhielt Hantusch einen Strafbefehl über 30 Tagessätze. Ihm wird vorgeworfen, mit etwa 40 Neonazis am 1. Mai 2015 in Weimar eine Gewerkschaftsveranstaltung angegriffen zu haben. Dabei war die Bühne gestürmt und dem SPD-Bundestagsabgeordneten Carsten Schneider das Mikrofon entrissen worden, um rassistische Parolen zu skandieren. Besucher_innen des Festes waren mit Faustschlägen angegriffen worden.",
Theo Müller,Theo Müller,PP,"Molkerei-Unternehmer von 
Müllermilch, Landliebe, Weihenstephan",
Hans-Ulrich Kopp,Hans-Ulrich Kopp,PP,"Ex-Bauunternehmer aus Stuttgart. Gilt im rechten Spektrum als Multifunktionär
Geldgeber von “Compact”-Magazin und früherer stiller Teilhaber. Mittlerweile Teilhaber von Conspect-Film GmbH",
Olena Semenjaka,Olena Semenjaka,AR,"ukrainische https://de.wikipedia.org/wiki/Rechtsextremismus https://de.wikipedia.org/wiki/Aktivist, die als die 'https://de.wikipedia.org/wiki/First_Lady' des https://de.wikipedia.org/wiki/Ukraine https://de.wikipedia.org/wiki/Nationalismus bezeichnet wurde und als Teil des ukrainischen Asow-Regiments bereits mit Hakenkreuz und Hitlergruß posierte

",
Dieter Stein,Dieter Stein,JF,Gründer und https://de.wikipedia.org/wiki/Gesch%C3%A4ftsf%C3%BChrung_(Deutschland) der Wochenzeitung https://de.wikipedia.org/wiki/Junge_Freiheit,
Karlheinz Weißmann,Karlheinz Weißmann,JF,"Mitbegründer des Instituts für Staatspolitik bis zum Bruch 2013
Seit Jahrzehnten Kolumnist der neurechten Wochenzeitung https://de.wikipedia.org/wiki/Junge_Freiheit. Seit 2017 Herausgeber des Monatsmagazin https://de.wikipedia.org/wiki/Cato_(Magazin)
Vorsitzender des Kuratoriums der Desiderius-Erasmus-Stiftung

",
Hans-Christian Limmer,Hans-Christian Limmer,PP,Mitbegründer der https://de.wikipedia.org/wiki/BackWerk. Bis Januar 2024 Gesellschafter der Unternehmen https://de.wikipedia.org/wiki/Hans_im_Gl%C3%BCck_(Restaurantkette) und https://de.wikipedia.org/w/index.php?title=Pottsalat&action=edit&redlink=1,
